Age,Income,LoanAmount,CreditScore,EmploymentStatus,ExistingLoans,LoanTerm,EMI,Default,DTI_Ratio,EMI_Burden
59.0,77761.0,218484.0,683.0,1,0.0,48.0,7092.0,0.0,2.80964995756282,0.09120135798976364
49.0,141178.0,534410.0,744.0,1,3.0,24.0,8022.0,0.0,3.785336346057133,0.056821481948448424
35.0,56368.0,391705.0,724.0,2,2.0,36.0,14569.0,0.0,6.948943568273342,0.2584576628998208
28.0,26783.0,275314.0,460.0,1,2.0,36.0,21543.0,0.0,10.279047192353644,0.8043234767025089
41.0,131530.0,488716.0,477.0,1,1.0,24.0,15515.0,0.0,3.715595563023166,0.11795698352479643
59.0,61914.0,629518.0,789.0,1,0.0,48.0,8159.0,0.0,10.167455382379067,0.13177743680852783
39.0,90507.0,541872.0,626.0,2,3.0,60.0,25702.0,0.0,5.987006673443232,0.2839748972466522
43.0,147738.0,566998.0,588.0,0,0.0,24.0,15223.0,1.0,3.8378356425859117,0.10303982022350226
31.0,99026.0,569984.0,653.0,0,4.0,12.0,10445.0,0.0,5.755844365678048,0.10547628424571076
31.0,135893.0,515757.0,327.0,2,5.0,48.0,23691.0,0.0,3.7952889752306946,0.1743344077001192
44.0,131255.0,424484.0,342.0,0,0.0,36.0,26904.0,0.0,3.2340159687938077,0.20497348692631193
56.0,130616.0,558062.0,722.0,1,0.0,24.0,29167.0,0.0,4.272506641555081,0.22330171417196842
44.0,87526.0,633609.0,476.0,0,2.0,36.0,13022.0,0.0,7.239011962023147,0.14877694882721904
23.0,90835.0,182028.0,828.0,1,5.0,48.0,5044.0,0.0,2.003919150997402,0.055528645030604604
42.0,65765.0,281447.0,793.0,0,3.0,36.0,11612.0,0.0,4.27952133321169,0.176565398534197
22.0,39956.0,491124.0,497.0,2,0.0,24.0,7636.0,0.0,12.291313161648773,0.19110543834622218
44.0,107895.0,676045.0,816.0,0,2.0,48.0,13593.0,0.0,6.265709572180619,0.12598242752279973
50.0,66240.0,482659.0,813.0,0,1.0,12.0,18179.0,0.0,7.2864087196751255,0.2744372820458628
58.0,141008.0,351207.0,321.0,0,5.0,24.0,4892.0,0.0,2.490670808246282,0.03469282102560829
22.0,57148.0,426369.0,411.0,2,2.0,60.0,23672.0,0.0,7.46065547953595,0.41421547183677754
41.0,114270.0,428544.0,356.0,0,2.0,24.0,7812.0,0.0,3.750242843766135,0.06836380183948683
53.0,147978.0,392962.0,365.0,2,2.0,48.0,2654.0,0.0,2.655525446178174,0.017934977260286932
32.0,24757.0,316847.0,397.0,1,0.0,24.0,23865.0,0.0,12.797762339445836,0.9639308506341384
42.0,39097.0,770488.0,443.0,0,0.0,12.0,19143.0,0.0,19.70658345695432,0.4896158371272188
45.0,30395.0,646387.0,734.0,2,1.0,12.0,25166.0,0.0,21.265528358994604,0.8279378865640216
47.0,36241.0,469065.0,385.0,2,4.0,60.0,3798.0,0.0,12.942580431543513,0.10479554108492908
48.0,123892.0,737220.0,643.0,0,4.0,36.0,7159.0,0.0,5.950457249400692,0.05778373273711993
36.0,47696.0,81585.0,593.0,1,4.0,48.0,29547.0,0.0,1.710484936159507,0.619472922825335
35.0,135654.0,465231.0,542.0,2,5.0,48.0,13618.0,0.0,3.429516051748922,0.10038701116803657
23.0,90480.0,617873.0,331.0,0,5.0,36.0,10446.0,0.0,6.828759629093401,0.11544965241321382
57.0,66163.0,339102.0,690.0,1,1.0,12.0,23646.0,0.0,5.125173810531407,0.3573846804909014
27.0,39816.0,338161.0,576.0,2,5.0,12.0,5823.0,1.0,8.492879925659894,0.1462440666047166
41.0,69840.0,436821.0,831.0,2,4.0,24.0,18099.0,0.0,6.254506665139388,0.25914577397230854
29.0,122547.0,329922.0,453.0,1,4.0,60.0,20260.0,0.0,2.692185918986846,0.16532297548715605
59.0,72853.0,750601.0,682.0,1,2.0,60.0,29333.0,1.0,10.302811101655365,0.40262717215252425
38.0,44917.0,92229.0,367.0,0,5.0,60.0,29200.0,1.0,2.0532748564050047,0.6500734672069104
24.0,116731.0,136652.0,513.0,0,0.0,24.0,24538.0,0.0,1.1706472946578488,0.2102079978069424
45.0,41566.0,299474.0,675.0,2,0.0,60.0,9787.0,0.0,7.204609425746385,0.2354511992686506
34.0,95452.0,753724.0,512.0,1,2.0,36.0,13196.0,0.0,7.896284035074854,0.13824604779315475
29.0,82823.0,310116.0,378.0,1,2.0,24.0,22900.0,0.0,3.7442770211532888,0.27648990630735054
46.0,141392.0,570985.0,680.0,1,2.0,36.0,22118.0,0.0,4.0382833662203925,0.1564292433147327
22.0,40806.0,69975.0,357.0,2,0.0,24.0,27820.0,0.0,1.7147793270762368,0.681745778910481
40.0,95520.0,207795.0,325.0,1,4.0,60.0,24356.0,0.0,2.1753855173207985,0.25498058018655584
48.0,21759.0,466495.0,746.0,1,2.0,36.0,25023.0,1.0,21.438189338235293,1.149954044117647
27.0,146092.0,259373.0,365.0,2,1.0,36.0,23740.0,1.0,1.775396494014087,0.16249922994257082
28.0,61949.0,247133.0,553.0,0,2.0,36.0,8380.0,0.0,3.989233252623083,0.13527037933817596
55.0,112374.0,754513.0,343.0,0,3.0,24.0,19392.0,0.0,6.714242491657397,0.1725650723025584
34.0,22482.0,345286.0,396.0,2,2.0,48.0,22698.0,0.0,15.357648000711649,1.0095627807676912
37.0,44442.0,638612.0,526.0,1,0.0,60.0,11702.0,1.0,14.369237000202506,0.2633035573656144
56.0,53719.0,226037.0,735.0,2,5.0,36.0,28535.0,0.0,4.207688011913627,0.5311801935964259
24.0,78066.0,438076.0,678.0,0,2.0,48.0,20892.0,0.0,5.611538806409879,0.2676162783250285
22.0,113501.0,710008.0,477.0,0,5.0,60.0,23142.0,0.0,6.2554668640200175,0.20389068034043453
26.0,22079.0,740493.0,726.0,2,3.0,60.0,4682.0,0.0,33.536820652173915,0.21204710144927535
24.0,22717.0,670347.0,606.0,2,1.0,36.0,25695.0,0.0,29.507306981248348,1.1310414649176863
49.0,79676.0,672605.0,803.0,0,5.0,36.0,2989.0,1.0,8.441645644288815,0.03751396262409478
38.0,47952.0,775495.0,567.0,2,4.0,24.0,14476.0,0.0,16.171980897962587,0.30187892311221404
46.0,106444.0,347190.0,307.0,0,2.0,48.0,10446.0,0.0,3.261684437972662,0.09813518718587064
54.0,62460.0,490280.0,807.0,2,3.0,48.0,6711.0,0.0,7.849378011879413,0.10744304445974288
30.0,110397.0,151459.0,775.0,2,3.0,36.0,8479.0,0.0,1.3719360857986558,0.07680392760738419
56.0,92847.0,250422.0,596.0,2,5.0,60.0,25348.0,1.0,2.6971178700672067,0.27300534206444943
34.0,113607.0,151520.0,463.0,0,1.0,36.0,15161.0,1.0,1.3337088937398776,0.13345010914724315
51.0,109106.0,635560.0,784.0,2,0.0,60.0,16635.0,1.0,5.8251074633158275,0.1524650114108169
35.0,38449.0,797512.0,371.0,0,2.0,60.0,10075.0,1.0,20.7415344603381,0.26202860858257476
28.0,53536.0,566123.0,537.0,0,3.0,36.0,22836.0,0.0,10.574425163905337,0.4265461269776043
34.0,84077.0,379793.0,403.0,2,1.0,12.0,26831.0,0.0,4.517150740978615,0.319120340636076
43.0,58258.0,376818.0,509.0,2,4.0,48.0,3007.0,0.0,6.467979196347345,0.05161434284831528
41.0,68302.0,194832.0,767.0,0,3.0,60.0,24880.0,1.0,2.8524662167108326,0.36425925654802865
36.0,145937.0,202999.0,753.0,0,1.0,60.0,28331.0,0.0,1.3909948060135127,0.19413038413572886
38.0,48865.0,398619.0,567.0,1,0.0,12.0,9688.0,0.0,8.157389596038145,0.19825645643187492
44.0,26645.0,111367.0,685.0,0,0.0,24.0,12763.0,1.0,4.179501613750657,0.47898371237709225
46.0,139771.0,455804.0,686.0,1,3.0,12.0,5908.0,0.0,3.261053716051856,0.04226883782159517
45.0,58000.0,285806.0,558.0,1,3.0,12.0,29573.0,0.0,4.927604696470751,0.5098705194738021
49.0,46737.0,757593.0,582.0,1,5.0,60.0,21187.0,0.0,16.209358551927767,0.45331421969275537
35.0,31485.0,94738.0,339.0,2,2.0,48.0,13957.0,0.0,3.0088928412627833,0.44327637680238835
21.0,58565.0,607685.0,785.0,2,1.0,12.0,6379.0,0.0,10.376071440767682,0.10891985110815149
45.0,45522.0,394333.0,519.0,0,3.0,24.0,29959.0,1.0,8.662280605408256,0.6581068910221207
27.0,139614.0,388511.0,428.0,1,2.0,36.0,18482.0,0.0,2.782731081903807,0.1323783261110912
29.0,85155.0,252332.0,819.0,2,5.0,12.0,26772.0,1.0,2.9631734698670673,0.314387711963925
44.0,75168.0,432729.0,559.0,2,2.0,12.0,29105.0,0.0,5.756748127552582,0.3871941890939084
21.0,72487.0,161453.0,665.0,2,3.0,24.0,2877.0,0.0,2.2273065886767465,0.039689327888754
28.0,149948.0,69816.0,843.0,2,0.0,48.0,17585.0,0.0,0.4655983034231639,0.1172732062234493
44.0,32342.0,466715.0,823.0,2,1.0,12.0,20252.0,0.0,14.430170361438332,0.6261633119995053
31.0,60806.0,421000.0,315.0,1,1.0,12.0,21049.0,0.0,6.923544986596938,0.34616080385481934
37.0,68770.0,263567.0,428.0,1,0.0,48.0,19772.0,1.0,3.832531154120196,0.28750490759186287
28.0,98623.0,564933.0,408.0,1,3.0,24.0,20799.0,0.0,5.728149334847502,0.21089187216093447
55.0,123177.0,645923.0,832.0,1,1.0,12.0,27145.0,0.0,5.2438178895582,0.22037214437643085
55.0,119785.0,266184.0,568.0,0,3.0,48.0,4637.0,0.0,2.222162857095153,0.03871070074967024
53.0,95629.0,348090.0,461.0,1,5.0,12.0,9242.0,0.0,3.6399665376973753,0.09664331276795984
25.0,140993.0,367348.0,559.0,2,3.0,36.0,11257.0,0.0,2.605415833297871,0.07984027689121523
59.0,72603.0,232958.0,401.0,1,2.0,60.0,10613.0,0.0,3.2086110958073935,0.14617651920004407
48.0,146944.0,327707.0,805.0,0,0.0,36.0,4883.0,0.0,2.2301337235019907,0.033230120112967436
27.0,132726.0,142324.0,546.0,2,3.0,12.0,3204.0,1.0,1.0723063129581774,0.024139775629675952
29.0,101974.0,273536.0,836.0,1,5.0,24.0,18928.0,0.0,2.6823829369943613,0.18561412110811473
28.0,125947.0,321991.0,430.0,1,4.0,60.0,13831.0,0.0,2.5565392066567156,0.10981516181281163
32.0,46399.0,76155.0,652.0,1,0.0,36.0,17464.0,0.0,1.6412715517241379,0.3763793103448276
54.0,148177.0,391815.0,495.0,2,1.0,48.0,19607.0,0.0,2.644218439984343,0.13232058740163857
53.0,105382.0,691179.0,681.0,2,2.0,24.0,21556.0,0.0,6.558733382044542,0.20454912082593968
43.0,101244.0,510494.0,526.0,0,1.0,36.0,27343.0,0.0,5.042165045187416,0.2700676576621068
44.0,129575.0,199381.0,775.0,2,5.0,48.0,24834.0,1.0,1.5387185898623201,0.19165586219670308
57.0,135520.0,181691.0,776.0,2,5.0,12.0,15994.0,0.0,1.3406852074586226,0.11801860966197121
55.0,130904.0,526410.0,564.0,1,1.0,48.0,8520.0,0.0,4.021313166036439,0.06508536725105993
42.0,96534.0,493324.0,671.0,2,0.0,36.0,2654.0,0.0,5.110312321955767,0.027492619257264206
47.0,75106.0,84707.0,785.0,1,1.0,36.0,25205.0,0.0,1.1278176468238645,0.3355878946036987
55.0,132599.0,568477.0,733.0,1,3.0,12.0,20830.0,0.0,4.287156862745098,0.15708898944193062
21.0,50678.0,771864.0,510.0,2,1.0,48.0,24276.0,1.0,15.23045048244835,0.4790149766175339
55.0,96218.0,752974.0,676.0,0,2.0,48.0,10412.0,0.0,7.825626955175173,0.1082114759039275
57.0,83230.0,796788.0,694.0,0,2.0,12.0,5666.0,1.0,9.57321190421838,0.06807559683291081
34.0,134684.0,403299.0,749.0,2,4.0,48.0,6277.0,0.0,2.994386902773137,0.04660504139287968
23.0,94055.0,208492.0,663.0,0,2.0,12.0,22786.0,0.0,2.2166794250233903,0.24225993025431658
21.0,76373.0,524112.0,756.0,1,1.0,24.0,20953.0,0.0,6.862440097415351,0.2743472909628931
25.0,51480.0,220102.0,525.0,1,2.0,36.0,7515.0,0.0,4.275402575707543,0.1459761853887842
46.0,105230.0,444274.0,430.0,2,0.0,24.0,11205.0,0.0,4.22189278824681,0.10648002964905778
34.0,88836.0,267285.0,775.0,0,2.0,60.0,28627.0,0.0,3.008712585972061,0.3222418586850074
59.0,92258.0,388404.0,576.0,0,3.0,60.0,17198.0,1.0,4.20993073846454,0.18640999794058033
47.0,59986.0,209476.0,455.0,1,0.0,60.0,5985.0,0.0,3.49202327170887,0.09977161718372314
29.0,44160.0,210928.0,517.0,2,4.0,12.0,15135.0,0.0,4.776341115463871,0.3427232173184484
35.0,105595.0,714560.0,489.0,0,3.0,48.0,10167.0,1.0,6.7669229895071785,0.0962820561384901
35.0,121358.0,346141.0,716.0,2,1.0,24.0,9448.0,1.0,2.852207088061042,0.07785166324706037
46.0,99111.0,693561.0,845.0,0,1.0,24.0,22694.0,0.0,6.997750020179192,0.22897328275082734
33.0,84929.0,746595.0,340.0,1,1.0,24.0,21403.0,0.0,8.79070999646768,0.2520075356175674
52.0,93506.0,298500.0,606.0,1,3.0,24.0,5681.0,1.0,3.192274375180468,0.060754809800335804
59.0,54911.0,740417.0,637.0,2,3.0,60.0,28019.0,0.0,13.483701194638694,0.5102527680652681
52.0,107127.0,182311.0,613.0,1,3.0,24.0,22580.0,0.0,1.701805317003958,0.210775894257337
24.0,51821.0,295546.0,374.0,0,0.0,48.0,29586.0,0.0,5.703099069893096,0.5709158272548338
50.0,95039.0,246733.0,578.0,1,5.0,60.0,18956.0,0.0,2.5960963804713804,0.19945286195286197
57.0,80535.0,701233.0,475.0,2,0.0,24.0,11524.0,0.0,8.707075096851097,0.14309128836793483
43.0,133453.0,619560.0,572.0,2,1.0,12.0,6753.0,0.0,4.642498538822366,0.05060170545656181
59.0,104458.0,196470.0,588.0,2,5.0,36.0,9082.0,0.0,1.8808336285049636,0.08694320259623393
35.0,32175.0,694318.0,571.0,0,2.0,36.0,6002.0,0.0,21.57875435106912,0.18653654898060668
49.0,139235.0,368647.0,365.0,0,1.0,36.0,7629.0,0.0,2.64764141457669,0.054791864173058695
56.0,74771.0,56570.0,782.0,0,4.0,60.0,29710.0,1.0,0.7565666292194939,0.3973412507355695
33.0,126660.0,380929.0,547.0,0,0.0,24.0,14278.0,1.0,3.007468755181153,0.1127260956411208
52.0,147157.0,583398.0,455.0,0,3.0,60.0,10417.0,0.0,3.964432786528765,0.07078786066676633
27.0,141300.0,549115.0,346.0,1,0.0,48.0,22584.0,0.0,3.8861366869307363,0.15982901748749123
42.0,106925.0,129141.0,753.0,0,3.0,12.0,3997.0,0.0,1.207760507266708,0.03738099246207657
48.0,133374.0,62115.0,500.0,0,5.0,12.0,10963.0,0.0,0.4657169634489222,0.08219681349578256
22.0,86358.0,89062.0,423.0,1,4.0,36.0,17784.0,0.0,1.0312995750298173,0.20593105524612373
26.0,37327.0,678349.0,300.0,0,5.0,36.0,25806.0,0.0,18.17265859408487,0.6913309044149164
48.0,67057.0,344700.0,490.0,2,4.0,36.0,6524.0,1.0,5.14032628470876,0.09728891407438336
48.0,26150.0,440479.0,815.0,0,0.0,24.0,27009.0,0.0,16.84367710603801,1.0328094527933922
40.0,24425.0,576257.0,741.0,0,3.0,48.0,29675.0,0.0,23.591951199541473,1.2148939654466553
50.0,143654.0,447686.0,442.0,2,5.0,48.0,29305.0,0.0,3.116396923184017,0.2039956841042776
31.0,36032.0,171863.0,490.0,2,4.0,48.0,5407.0,0.0,4.769600088807482,0.1500568922931757
48.0,22198.0,551076.0,832.0,2,1.0,48.0,8731.0,1.0,24.82436145772332,0.39330600477498984
45.0,80500.0,697296.0,526.0,2,1.0,36.0,9795.0,0.0,8.661954509881864,0.12167550713655731
59.0,73394.0,550726.0,612.0,0,5.0,12.0,13332.0,0.0,7.5035901628176305,0.18164725117514818
53.0,40079.0,728556.0,601.0,2,3.0,36.0,27441.0,1.0,18.17754491017964,0.6846556886227545
21.0,56220.0,680111.0,759.0,2,5.0,48.0,21177.0,0.0,12.097098948791377,0.3766741964746269
47.0,61874.0,684965.0,700.0,1,0.0,36.0,25718.0,1.0,11.070141414141414,0.4156444444444444
33.0,33859.0,98320.0,692.0,2,4.0,48.0,4911.0,0.0,2.903721204961607,0.1450383933845245
23.0,70460.0,546758.0,506.0,2,0.0,60.0,26336.0,0.0,7.759725238074964,0.37376704843814307
59.0,51419.0,196649.0,509.0,1,1.0,12.0,20799.0,0.0,3.8243679502139245,0.4044924154025671
26.0,138865.0,175354.0,414.0,1,4.0,60.0,18634.0,0.0,1.2627569023375051,0.13418691400342778
28.0,28705.0,662297.0,550.0,0,5.0,24.0,17194.0,0.0,23.071727165052604,0.5989688566850135
47.0,62880.0,498625.0,518.0,1,0.0,36.0,6951.0,0.0,7.929660787837344,0.1105421351441612
29.0,149838.0,78625.0,706.0,0,2.0,24.0,10098.0,0.0,0.5247298767343616,0.06739233443896449
57.0,43236.0,786400.0,742.0,1,3.0,36.0,23673.0,0.0,18.188125910678355,0.5475171727918218
53.0,107955.0,336233.0,653.0,1,3.0,60.0,18117.0,0.0,3.1145374041276077,0.16781837044721923
44.0,105514.0,86487.0,849.0,0,2.0,48.0,10102.0,0.0,0.8196654504098944,0.09573994218831446
35.0,123145.0,509054.0,441.0,1,1.0,48.0,25641.0,0.0,4.133743686356032,0.20821626362204212
52.0,35358.0,278071.0,800.0,0,4.0,36.0,7565.0,0.0,7.864221273226053,0.21394835826805056
52.0,119713.0,538011.0,846.0,1,3.0,48.0,24821.0,0.0,4.494136024190989,0.20733581703058956
44.0,114914.0,362282.0,841.0,2,2.0,60.0,27494.0,1.0,3.152608449723709,0.23925510159683244
32.0,122870.0,223895.0,806.0,1,5.0,48.0,3173.0,0.0,1.8221956360736056,0.02582383149807522
59.0,96918.0,480424.0,580.0,0,2.0,60.0,29779.0,0.0,4.956964062774069,0.30725657507815807
22.0,139179.0,366205.0,723.0,1,1.0,24.0,10624.0,0.0,2.631161086362983,0.07633280643770657
23.0,136243.0,151376.0,569.0,0,1.0,60.0,16394.0,0.0,1.1110654414139338,0.12032823463785561
57.0,34596.0,475106.0,453.0,0,0.0,12.0,15256.0,0.0,13.73257796918808,0.4409630892851981
37.0,53572.0,331652.0,382.0,2,3.0,12.0,2835.0,1.0,6.190655740764938,0.052918447725533384
22.0,98757.0,522132.0,725.0,2,0.0,12.0,28822.0,1.0,5.286984345572004,0.29184471131452644
22.0,21279.0,208056.0,574.0,0,2.0,36.0,20646.0,0.0,9.777067669172933,0.9702067669172932
48.0,83197.0,684457.0,583.0,1,4.0,36.0,27473.0,0.0,8.226844395297963,0.3302122647179019
43.0,131496.0,610347.0,472.0,0,4.0,36.0,13824.0,0.0,4.641527943603276,0.1051278736397028
57.0,82516.0,512785.0,626.0,0,1.0,60.0,6567.0,0.0,6.21429523613316,0.07958360095495473
52.0,27083.0,677697.0,362.0,1,4.0,36.0,5815.0,0.0,25.022042534337615,0.21470240732535814
53.0,140674.0,549653.0,372.0,1,4.0,24.0,18630.0,0.0,3.9072543095788164,0.13243291274213612
21.0,140307.0,579992.0,674.0,1,4.0,12.0,4429.0,0.0,4.1337058471363,0.03156626849502523
39.0,146457.0,778744.0,807.0,1,2.0,60.0,11182.0,1.0,5.317183083204741,0.07634953365469964
22.0,129397.0,792488.0,697.0,0,4.0,12.0,29886.0,0.0,6.1244223249200145,0.23096183866829473
46.0,37771.0,685567.0,419.0,0,5.0,36.0,11118.0,0.0,18.150137668113945,0.29434501747326064
52.0,49975.0,732568.0,736.0,2,4.0,60.0,13630.0,1.0,14.658396030094446,0.27273091083720186
26.0,65648.0,692804.0,764.0,0,4.0,48.0,23671.0,0.0,10.553153894194885,0.36056908711480756
52.0,145641.0,572828.0,585.0,1,0.0,24.0,4607.0,1.0,3.9331236868485737,0.0316323587975996
24.0,68285.0,528366.0,564.0,2,2.0,36.0,27650.0,0.0,7.737545031192338,0.404914623788185
31.0,39063.0,771384.0,619.0,1,1.0,36.0,7930.0,0.0,19.746672127790294,0.20300020479213599
37.0,87642.0,469139.0,675.0,0,0.0,24.0,6022.0,1.0,5.35284050066748,0.0687105644489577
58.0,110093.0,569777.0,388.0,2,3.0,24.0,13991.0,0.0,5.175368321616074,0.12708231147928134
44.0,134390.0,426188.0,502.0,1,2.0,48.0,23168.0,0.0,3.1712540274274317,0.17239249652134445
25.0,106143.0,282549.0,633.0,2,5.0,36.0,8617.0,0.0,2.661940382876093,0.08118216762134459
54.0,57599.0,603453.0,521.0,2,2.0,36.0,5151.0,0.0,10.476614583333333,0.08942708333333334
26.0,71920.0,641491.0,340.0,0,3.0,12.0,7580.0,0.0,8.91938376830133,0.10539341777783957
42.0,48529.0,534965.0,367.0,1,3.0,60.0,9054.0,1.0,11.023387595301875,0.18656501133319597
31.0,55954.0,86321.0,813.0,2,3.0,60.0,26090.0,1.0,1.5426860870342238,0.4662675364131892
36.0,47856.0,385441.0,426.0,2,1.0,12.0,9619.0,1.0,8.054015086612198,0.20099462983471592
53.0,22573.0,295014.0,554.0,1,4.0,60.0,17823.0,0.0,13.068751661203153,0.7895366350668911
29.0,98344.0,206498.0,315.0,2,2.0,24.0,15247.0,0.0,2.0997305404443543,0.15503584320504346
26.0,55367.0,67772.0,776.0,2,4.0,60.0,6573.0,0.0,1.2240283196069932,0.11871478110099697
36.0,122337.0,444583.0,361.0,2,4.0,60.0,17339.0,1.0,3.6340548316957935,0.14173028821788813
49.0,126732.0,288389.0,731.0,1,5.0,12.0,5491.0,0.0,2.2755635864376287,0.04332731017177846
23.0,119608.0,689430.0,567.0,1,3.0,48.0,2706.0,0.0,5.7640311347808275,0.022623715606685114
40.0,80774.0,666024.0,334.0,1,1.0,60.0,17728.0,0.0,8.245422469823584,0.21947384710615908
56.0,43752.0,101924.0,793.0,1,5.0,60.0,8997.0,0.0,2.3295316892555937,0.20563161383219436
39.0,75029.0,578014.0,768.0,0,0.0,48.0,7233.0,0.0,7.703771824603492,0.09640143942423031
46.0,37685.0,401296.0,624.0,2,1.0,12.0,29640.0,1.0,10.648410550336996,0.7864989651329406
23.0,71693.0,77723.0,603.0,1,4.0,48.0,27329.0,1.0,1.084093508522331,0.3811894998186738
39.0,136739.0,714468.0,575.0,2,1.0,12.0,7755.0,0.0,5.225010969723563,0.05671347082053532
40.0,75961.0,258786.0,500.0,2,3.0,24.0,25344.0,0.0,3.40678233853769,0.33364050446275767
52.0,126937.0,609931.0,744.0,0,0.0,12.0,27163.0,1.0,4.804952023822653,0.21398635554365122
27.0,144956.0,736684.0,623.0,1,3.0,24.0,19718.0,0.0,5.082086411832474,0.1360265458032382
53.0,96908.0,264432.0,334.0,1,0.0,24.0,23972.0,0.0,2.728662972479336,0.24736608570927365
59.0,145537.0,189999.0,781.0,2,5.0,12.0,20231.0,0.0,1.3054940977614093,0.1390083689483159
38.0,146678.0,408690.0,779.0,1,4.0,36.0,8851.0,0.0,2.786288425746017,0.060342653004179195
21.0,94532.0,129973.0,364.0,2,0.0,12.0,14126.0,0.0,1.3748955391239037,0.14942929982122646
31.0,101994.0,684122.0,307.0,2,0.0,60.0,25595.0,0.0,6.707407225844404,0.25094367370949555
48.0,76133.0,503449.0,600.0,0,0.0,60.0,9865.0,0.0,6.612669766464392,0.12957417185488743
45.0,117425.0,337681.0,642.0,0,1.0,36.0,14118.0,0.0,2.875691925127314,0.12022891012211946
43.0,145055.0,544509.0,730.0,0,5.0,24.0,5317.0,1.0,3.753784745201853,0.03665480917714538
51.0,81268.0,681810.0,723.0,2,1.0,36.0,14212.0,1.0,8.389545829282998,0.17487602899014384
50.0,112201.0,596900.0,631.0,1,4.0,60.0,13347.0,1.0,5.319869521042405,0.11895509883959288
55.0,58243.0,275049.0,737.0,0,0.0,36.0,12390.0,0.0,4.7223576677426005,0.21272577432868622
27.0,77384.0,318615.0,473.0,1,5.0,12.0,25195.0,0.0,4.11727078891258,0.32557989274407184
36.0,51653.0,216703.0,826.0,0,5.0,36.0,16863.0,0.0,4.195280133193944,0.32646068068300615
46.0,46657.0,797419.0,325.0,0,2.0,24.0,18548.0,1.0,17.09072399159844,0.39753097003729265
22.0,59952.0,81348.0,705.0,2,4.0,12.0,9060.0,0.0,1.3568628759194703,0.15111837606124798
21.0,42180.0,245804.0,531.0,0,5.0,48.0,28574.0,0.0,5.827363030748441,0.6774140015646856
32.0,117432.0,185832.0,832.0,0,0.0,60.0,17504.0,0.0,1.5824512700859212,0.14905520594722096
25.0,141829.0,344923.0,849.0,2,0.0,60.0,5057.0,0.0,2.43194669674963,0.035655362053162235
57.0,148377.0,333780.0,804.0,1,5.0,36.0,28660.0,0.0,2.2495248621763335,0.193155319521762
52.0,98411.0,656177.0,478.0,0,1.0,12.0,6428.0,1.0,6.667652318822908,0.06531723773523554
29.0,21622.0,103551.0,431.0,2,4.0,48.0,2402.0,1.0,4.788928455810942,0.11108541830458309
55.0,68756.0,454772.0,754.0,0,0.0,12.0,10605.0,0.0,6.614192009540846,0.15423884113617523
39.0,60809.0,716923.0,647.0,2,5.0,60.0,26620.0,1.0,11.789557638546292,0.437756947870416
36.0,36725.0,621107.0,839.0,1,0.0,12.0,17761.0,0.0,16.911915264390352,0.48360834286336657
23.0,81396.0,385914.0,705.0,1,5.0,48.0,24733.0,0.0,4.741132965588412,0.3038564074843053
40.0,71226.0,470182.0,375.0,2,4.0,36.0,22541.0,0.0,6.601176520139835,0.31646707007174246
44.0,126296.0,262781.0,791.0,2,5.0,24.0,29043.0,0.0,2.0806590813716874,0.22995795624599158
53.0,101182.0,503105.0,493.0,2,2.0,12.0,2867.0,0.0,4.97222853641422,0.028334799323997115
44.0,102565.0,732347.0,461.0,1,5.0,24.0,15779.0,1.0,7.140251155353626,0.15384240391552756
31.0,49402.0,763708.0,646.0,0,5.0,60.0,17155.0,0.0,15.458737323644312,0.34724611865676175
28.0,24263.0,598884.0,660.0,1,4.0,36.0,10210.0,0.0,24.681998021760634,0.4207879986811738
56.0,143489.0,109182.0,386.0,2,5.0,36.0,2364.0,0.0,0.7609031988291867,0.016475015680535228
58.0,116523.0,399307.0,561.0,2,4.0,12.0,25851.0,1.0,3.4268219422608217,0.22185129243760943
40.0,66828.0,351454.0,513.0,1,2.0,36.0,17366.0,0.0,5.259004324469916,0.2598572476020889
55.0,140824.0,368232.0,561.0,2,4.0,12.0,8571.0,0.0,2.614819811823185,0.06086277294514468
45.0,67924.0,703091.0,582.0,1,0.0,12.0,18963.0,0.0,10.35099006256901,0.27917556128082444
55.0,94182.0,189978.0,766.0,2,4.0,24.0,26058.0,0.0,2.0171156153445953,0.27667413439792743
45.0,113065.0,619667.0,679.0,0,2.0,36.0,27121.0,0.0,5.480577715670493,0.23986874922611573
49.0,79052.0,521828.0,661.0,0,3.0,12.0,16017.0,0.0,6.600989209770661,0.20261090660695988
38.0,31664.0,308517.0,748.0,2,5.0,24.0,8468.0,0.0,9.743154902889625,0.267424601294805
38.0,55737.0,490097.0,740.0,1,4.0,48.0,6150.0,0.0,8.792870214216514,0.11033765115361154
22.0,121332.0,358557.0,392.0,0,5.0,24.0,15065.0,1.0,2.955148228429199,0.12416242901766214
55.0,109563.0,187084.0,723.0,1,1.0,24.0,21423.0,0.0,1.7075316709868205,0.19552955350297543
36.0,49373.0,755475.0,441.0,2,0.0,12.0,6137.0,0.0,15.301069388747115,0.12429618827723093
56.0,137369.0,632004.0,590.0,1,0.0,60.0,14236.0,1.0,4.600742520200917,0.1036325252966441
53.0,56397.0,798013.0,731.0,0,1.0,60.0,18836.0,0.0,14.149668427958439,0.33398347459129757
24.0,148575.0,741738.0,348.0,1,1.0,60.0,14153.0,1.0,4.992313698040061,0.09525764591858712
53.0,106145.0,748012.0,601.0,1,4.0,24.0,24921.0,0.0,7.047010721082283,0.23478039681193827
34.0,121371.0,253502.0,489.0,2,1.0,12.0,15833.0,0.0,2.0886365883399796,0.1304501862043964
41.0,58709.0,194539.0,435.0,2,3.0,36.0,3381.0,0.0,3.3135581672628174,0.05758814512008176
40.0,136074.0,474226.0,703.0,2,5.0,24.0,10154.0,1.0,3.485033988609223,0.07462061363218814
28.0,81120.0,571863.0,640.0,0,5.0,24.0,3467.0,0.0,7.049506293068379,0.042738625016949985
27.0,39250.0,171999.0,617.0,0,2.0,12.0,15439.0,0.0,4.382028483350743,0.39334029706249524
23.0,41172.0,164793.0,662.0,2,1.0,48.0,21122.0,1.0,4.0024530639011004,0.5130060962281107
37.0,31555.0,507373.0,681.0,2,1.0,24.0,25956.0,0.0,16.0784953733046,0.8225377107364685
53.0,107410.0,420321.0,532.0,0,3.0,48.0,27792.0,0.0,3.9132025583971846,0.25874444889257153
32.0,98617.0,62289.0,643.0,0,0.0,48.0,25131.0,0.0,0.6316189742237726,0.2548317751323288
42.0,73276.0,750336.0,848.0,0,0.0,60.0,19264.0,0.0,10.23972051257557,0.2628928586050193
42.0,77492.0,748956.0,828.0,0,5.0,12.0,14006.0,0.0,9.664821338701561,0.18073890544952448
50.0,73002.0,307368.0,482.0,2,5.0,48.0,5149.0,0.0,4.210347519964933,0.07053134802679342
58.0,140103.0,136365.0,340.0,0,4.0,12.0,26660.0,0.0,0.9733126820076514,0.19028721521155714
58.0,144938.0,225211.0,696.0,2,3.0,60.0,9892.0,0.0,1.5538329918103477,0.06824940147234354
28.0,109599.0,229785.0,793.0,1,2.0,12.0,22528.0,1.0,2.0965784671532846,0.20554744525547444
47.0,92355.0,122588.0,632.0,1,2.0,24.0,18136.0,1.0,1.3273420243405951,0.19637056607042314
47.0,111248.0,113646.0,426.0,0,3.0,48.0,3168.0,0.0,1.0215462610899873,0.028476660464363725
54.0,44762.0,315798.0,300.0,1,2.0,12.0,14356.0,1.0,7.054889082501173,0.32071130174474455
41.0,31046.0,532238.0,467.0,1,0.0,36.0,5129.0,0.0,17.14297677714433,0.1652011466486295
50.0,116999.0,795385.0,318.0,1,2.0,12.0,17032.0,0.0,6.798162393162393,0.14557264957264957
53.0,144130.0,779532.0,631.0,0,2.0,48.0,22029.0,1.0,5.408496437268873,0.15284012460886276
48.0,136021.0,169735.0,755.0,0,3.0,60.0,4526.0,0.0,1.2478496125626737,0.033274029201158635
53.0,48769.0,205683.0,408.0,1,3.0,60.0,13059.0,0.0,4.217408242772196,0.2677670699200328
25.0,73302.0,682259.0,567.0,2,2.0,48.0,5516.0,1.0,9.307381689698921,0.07524930766817184
39.0,43150.0,586437.0,744.0,1,1.0,24.0,21751.0,0.0,13.59034553081041,0.504067113160761
24.0,88247.0,412246.0,539.0,0,3.0,24.0,25722.0,1.0,4.671448644728493,0.2914740277400054
55.0,24853.0,371333.0,600.0,0,4.0,60.0,12386.0,0.0,14.940572946004668,0.49835036613824735
37.0,114613.0,616956.0,402.0,0,4.0,60.0,5555.0,0.0,5.382902612246323,0.048467028460746506
48.0,140900.0,456889.0,549.0,1,0.0,48.0,18012.0,0.0,3.242624253908773,0.1278344369450891
50.0,109399.0,662492.0,752.0,2,2.0,24.0,16157.0,0.0,6.055685557586838,0.1476873857404022
49.0,41792.0,261830.0,819.0,0,1.0,60.0,7111.0,1.0,6.264924748163568,0.17014811092766732
26.0,79129.0,246501.0,452.0,0,0.0,24.0,8752.0,0.0,3.1151396436244156,0.11060280550992038
55.0,126019.0,466885.0,473.0,1,2.0,60.0,18829.0,0.0,3.7048484367560706,0.1494127916203777
57.0,94478.0,215140.0,642.0,2,3.0,12.0,8364.0,0.0,2.2771197832322527,0.0885276093100054
44.0,133811.0,794149.0,730.0,1,4.0,36.0,5626.0,0.0,5.934811526619436,0.04204406181807312
49.0,134130.0,190507.0,623.0,0,5.0,12.0,22400.0,0.0,1.4203055222133585,0.16700091701396397
51.0,87298.0,275160.0,719.0,2,1.0,60.0,5875.0,1.0,3.151926138901935,0.06729744899712482
55.0,51987.0,233321.0,784.0,2,5.0,36.0,7497.0,0.0,4.487977994921905,0.1442063553127645
53.0,35850.0,611672.0,711.0,0,4.0,36.0,17979.0,0.0,17.061504560542243,0.5014922875233606
41.0,32112.0,571998.0,383.0,2,5.0,60.0,13529.0,1.0,17.81203873820571,0.42129355712639743
52.0,141789.0,656217.0,412.0,2,3.0,60.0,24622.0,0.0,4.6280908385640736,0.17365117427181043
43.0,44058.0,650441.0,631.0,1,2.0,24.0,18645.0,0.0,14.762954220477088,0.42318255067069155
53.0,65420.0,125388.0,677.0,0,3.0,60.0,28424.0,1.0,1.9166322740404458,0.43447822564619926
23.0,58890.0,605689.0,340.0,0,5.0,48.0,23376.0,0.0,10.28491620111732,0.3969367135895128
38.0,86017.0,568727.0,404.0,0,3.0,60.0,15382.0,0.0,6.611720802622707,0.17882303703875932
45.0,67304.0,777191.0,501.0,0,4.0,48.0,6025.0,0.0,11.547299606269965,0.08951786642894287
51.0,52921.0,693791.0,749.0,0,1.0,60.0,12458.0,1.0,13.1096897320585,0.23540304599221495
23.0,125921.0,282601.0,565.0,2,3.0,24.0,15844.0,1.0,2.244254379695367,0.1258239227458268
44.0,21524.0,177834.0,509.0,1,4.0,48.0,26667.0,1.0,8.261742160278745,1.2388850174216028
52.0,120424.0,84084.0,417.0,0,1.0,12.0,22606.0,0.0,0.6982271123105668,0.1877184969898277
42.0,35048.0,301459.0,676.0,1,2.0,48.0,6175.0,0.0,8.601072783816942,0.17618191674512826
43.0,55111.0,684929.0,839.0,1,5.0,24.0,29885.0,0.0,12.427946726665699,0.542259399041951
22.0,57904.0,155111.0,383.0,2,2.0,48.0,11174.0,0.0,2.6787151368621016,0.19297124600638976
47.0,74912.0,499042.0,753.0,0,0.0,60.0,5443.0,0.0,6.661620813476967,0.07265761616808832
22.0,54008.0,479667.0,813.0,2,4.0,60.0,23395.0,1.0,8.881242015219685,0.4331685459830769
46.0,20060.0,712587.0,686.0,0,1.0,24.0,12725.0,1.0,35.52101091670405,0.6343153382184338
37.0,94666.0,212982.0,649.0,2,3.0,36.0,2693.0,0.0,2.2498019373171223,0.028447082932806574
53.0,103559.0,348185.0,595.0,1,2.0,60.0,10347.0,0.0,3.3621572035534957,0.09991309385863267
29.0,75337.0,377825.0,557.0,0,1.0,12.0,13780.0,0.0,5.015065438424169,0.18290902333483766
59.0,130616.0,284386.0,380.0,1,4.0,24.0,20196.0,0.0,2.177251046954072,0.15461999586577552
49.0,33350.0,393715.0,567.0,1,0.0,48.0,15841.0,1.0,11.805193247578783,0.47497826152139366
46.0,44354.0,246553.0,718.0,2,2.0,48.0,16254.0,1.0,5.558629241348213,0.36645248562732496
55.0,65186.0,511792.0,534.0,0,5.0,12.0,16021.0,0.0,7.851135962691948,0.24576986208906684
45.0,48145.0,551174.0,610.0,1,1.0,60.0,15368.0,0.0,11.447970755618327,0.3191957795040086
44.0,54020.0,701844.0,656.0,2,5.0,24.0,7724.0,0.0,12.992058643860721,0.142981433146369
33.0,106123.0,245246.0,512.0,0,1.0,12.0,3407.0,0.0,2.3109381478270703,0.032103953865289664
27.0,126667.0,600448.0,348.0,0,1.0,60.0,10032.0,0.0,4.7403290491679035,0.079199166324565
56.0,95186.0,296242.0,426.0,1,4.0,24.0,27792.0,0.0,3.1122107010411084,0.2919726433231429
40.0,105469.0,561083.0,522.0,0,4.0,48.0,16572.0,0.0,5.319835024177491,0.15712524888593912
21.0,40581.0,67633.0,578.0,1,4.0,24.0,19794.0,1.0,1.6665763146222463,0.4877531910699325
28.0,108929.0,99104.0,707.0,0,3.0,36.0,21881.0,0.0,0.9097952813733591,0.20087211970990546
36.0,43051.0,118388.0,804.0,2,1.0,24.0,22756.0,0.0,2.7498838613769396,0.5285701012728793
34.0,71474.0,590302.0,593.0,1,2.0,36.0,9394.0,0.0,8.25885974116824,0.1314305701294159
32.0,111748.0,142578.0,576.0,1,5.0,24.0,18935.0,0.0,1.2758771890576202,0.16944223214525408
43.0,145995.0,739115.0,737.0,0,4.0,36.0,13586.0,0.0,5.062570207402943,0.09305734403682292
35.0,134618.0,614678.0,406.0,0,4.0,48.0,27752.0,0.0,4.566056797331729,0.20615217762722943
48.0,89626.0,335855.0,719.0,1,5.0,60.0,14926.0,0.0,3.7472525020362166,0.1665346379997099
54.0,26960.0,141658.0,728.0,0,5.0,36.0,22716.0,0.0,5.254181966544268,0.8425503505062869
22.0,55772.0,107993.0,674.0,2,1.0,36.0,2997.0,1.0,1.936295340039087,0.0537356785541391
52.0,41520.0,255768.0,372.0,0,4.0,48.0,22460.0,0.0,6.1599672454902334,0.5409310951084993
43.0,69481.0,208285.0,329.0,2,5.0,36.0,16390.0,1.0,2.9976828531130364,0.2358884315362252
42.0,56408.0,501000.0,487.0,2,3.0,12.0,8099.0,0.0,8.881561452959634,0.1435763796557287
45.0,114006.0,792296.0,663.0,2,3.0,48.0,23939.0,0.0,6.949538186251721,0.209978334663661
42.0,148496.0,592015.0,750.0,2,4.0,12.0,29307.0,0.0,3.9867135363003965,0.19735752237418938
42.0,77134.0,578646.0,494.0,2,5.0,48.0,22436.0,0.0,7.501730731833798,0.2908666623452389
26.0,40491.0,377252.0,455.0,0,1.0,36.0,23687.0,1.0,9.316704534228984,0.5849797490862393
35.0,21341.0,307681.0,471.0,2,1.0,12.0,26502.0,0.0,14.416690094649049,1.241776778183863
57.0,64623.0,144018.0,340.0,0,1.0,36.0,24486.0,1.0,2.2285528596187176,0.3788994800693241
53.0,110327.0,436601.0,362.0,2,0.0,48.0,15509.0,1.0,3.9573000507577407,0.140571749691828
28.0,20338.0,344054.0,322.0,1,4.0,36.0,7490.0,0.0,16.915974236688136,0.3682580264516446
25.0,91431.0,701176.0,659.0,2,1.0,12.0,26948.0,0.0,7.668824919065535,0.29473269752384285
59.0,32254.0,279104.0,374.0,1,3.0,12.0,7616.0,0.0,8.65304603937374,0.23611843125096885
24.0,71860.0,243510.0,417.0,2,5.0,36.0,17958.0,1.0,3.388625262659857,0.2498991107833178
26.0,31344.0,159847.0,679.0,2,2.0,24.0,4248.0,1.0,5.099601212314564,0.13552400701866327
52.0,21750.0,494717.0,589.0,2,2.0,48.0,19232.0,0.0,22.744563468346282,0.8841892326789573
50.0,74756.0,504162.0,739.0,1,1.0,48.0,12748.0,1.0,6.744010594325615,0.1705258370453603
55.0,87957.0,346037.0,306.0,1,2.0,36.0,12514.0,0.0,3.9341162827713227,0.1422724482139203
36.0,125423.0,126329.0,495.0,2,2.0,24.0,24738.0,0.0,1.0072155249394055,0.19723497895139686
33.0,78053.0,81007.0,720.0,0,0.0,12.0,10695.0,0.0,1.0378327824326747,0.13702052425244063
50.0,90855.0,744892.0,492.0,2,3.0,60.0,10070.0,0.0,8.198599982389716,0.11083472748084881
39.0,35896.0,366397.0,447.0,1,3.0,60.0,29765.0,1.0,10.206897512326936,0.8291779257319554
37.0,75761.0,62323.0,501.0,2,0.0,36.0,10894.0,0.0,0.8226155592513397,0.1437924025236926
39.0,82552.0,162356.0,743.0,1,0.0,24.0,22009.0,0.0,1.9666880670599494,0.26660448439184525
48.0,140075.0,685232.0,718.0,1,2.0,24.0,18698.0,0.0,4.89185870527428,0.13348467974528114
46.0,97454.0,254451.0,726.0,1,4.0,48.0,17123.0,0.0,2.610958904109589,0.1757016058693756
57.0,146522.0,328600.0,778.0,2,5.0,12.0,4376.0,0.0,2.242651324365458,0.029865618367082302
46.0,138681.0,605655.0,774.0,1,5.0,24.0,27616.0,0.0,4.36722141301683,0.19913182676915533
43.0,110600.0,104624.0,425.0,1,2.0,60.0,6378.0,0.0,0.9459588972974928,0.0576667480402528
29.0,142732.0,453322.0,694.0,2,5.0,12.0,13182.0,0.0,3.1760139561278753,0.0923542558483322
32.0,132153.0,284565.0,624.0,1,0.0,12.0,26833.0,0.0,2.1532832907062973,0.20304341904142137
21.0,142926.0,118008.0,691.0,2,3.0,36.0,2574.0,0.0,0.8256522560467932,0.01800919350437636
21.0,47935.0,427539.0,739.0,1,5.0,24.0,15330.0,0.0,8.918954439252337,0.3198014018691589
54.0,57641.0,166492.0,503.0,0,2.0,36.0,28128.0,0.0,2.8883800006939384,0.4879775163942958
52.0,49711.0,122240.0,785.0,0,4.0,24.0,23969.0,0.0,2.4589636305117475,0.4821572256195687
45.0,90342.0,376459.0,330.0,1,2.0,48.0,23876.0,0.0,4.166996889631736,0.26428168203402586
21.0,126896.0,775947.0,687.0,0,1.0,36.0,10949.0,0.0,6.114778127142485,0.08628257563220565
36.0,32182.0,322900.0,733.0,2,2.0,36.0,21194.0,0.0,10.03324736662213,0.6585464375602026
59.0,107833.0,511227.0,675.0,0,0.0,60.0,26518.0,1.0,4.7408702264591875,0.24591501752693956
25.0,76276.0,348522.0,643.0,1,3.0,36.0,27680.0,1.0,4.569162394955229,0.36288789543374805
42.0,39541.0,185327.0,742.0,1,3.0,24.0,7670.0,0.0,4.686839310100653,0.193970967578777
49.0,114457.0,699991.0,374.0,2,5.0,60.0,26099.0,0.0,6.115701829492041,0.22802250607209631
23.0,102310.0,215575.0,454.0,1,0.0,36.0,8567.0,1.0,2.1070559372892457,0.08373488676681881
32.0,64813.0,549499.0,729.0,2,1.0,36.0,14716.0,0.0,8.478091153145925,0.2270497114820872
46.0,57198.0,543948.0,662.0,0,0.0,48.0,21843.0,0.0,9.5097466738929,0.38187730554729976
36.0,28820.0,357257.0,747.0,0,2.0,36.0,8117.0,1.0,12.39571839977794,0.2816349189826862
57.0,44070.0,648357.0,533.0,2,0.0,12.0,22376.0,0.0,14.711647114882803,0.5077261691361666
42.0,89768.0,279189.0,561.0,2,0.0,60.0,9837.0,0.0,3.110082545199345,0.1095812585636467
49.0,31122.0,448465.0,424.0,1,1.0,12.0,18587.0,0.0,14.409439964013751,0.5972110657712946
34.0,100559.0,301051.0,544.0,0,2.0,60.0,16531.0,0.0,2.9937450278440734,0.16438941925218775
48.0,93543.0,699829.0,841.0,2,4.0,48.0,21159.0,0.0,7.481281535961687,0.22619302146583425
25.0,103441.0,763936.0,784.0,0,4.0,36.0,28908.0,0.0,7.385162699870459,0.2794609539645405
50.0,61786.0,561778.0,421.0,2,3.0,36.0,20376.0,0.0,9.092171492385129,0.3297781086636348
25.0,114934.0,321830.0,424.0,0,5.0,36.0,20627.0,0.0,2.800104406838648,0.1794666550659068
32.0,119804.0,555629.0,848.0,1,0.0,60.0,10498.0,0.0,4.637778056007679,0.08762572513668043
36.0,26737.0,365507.0,469.0,0,3.0,36.0,20071.0,0.0,13.669945396065526,0.7506544992146009
46.0,56062.0,409687.0,423.0,0,1.0,12.0,6109.0,0.0,7.307618215222161,0.10896669817883453
46.0,74237.0,706021.0,334.0,0,4.0,36.0,20244.0,0.0,9.510237344756055,0.27269053584417685
41.0,71571.0,225915.0,386.0,0,0.0,48.0,28537.0,0.0,3.1564718046163303,0.398717375509976
59.0,45510.0,669961.0,500.0,0,1.0,12.0,23560.0,1.0,14.72085869350267,0.5176770451099734
56.0,39426.0,504179.0,668.0,1,5.0,36.0,19106.0,0.0,12.787658203768991,0.48459177720851193
53.0,57265.0,92828.0,376.0,2,1.0,36.0,27355.0,0.0,1.6209967519994413,0.47768309293472566
50.0,37850.0,322670.0,358.0,0,0.0,24.0,15521.0,0.0,8.524741750548202,0.4100552165068294
57.0,138249.0,75592.0,730.0,1,5.0,60.0,10720.0,0.0,0.5467775768535262,0.07754068716094033
43.0,86150.0,341126.0,799.0,0,1.0,12.0,6893.0,0.0,3.9596290234588105,0.08001067892421446
30.0,107312.0,282041.0,408.0,0,5.0,24.0,18727.0,0.0,2.6282090706624546,0.17450821428904234
25.0,109613.0,400877.0,577.0,2,0.0,48.0,23782.0,0.0,3.6571697045997773,0.21696133705548562
56.0,94910.0,174982.0,367.0,0,0.0,60.0,10400.0,0.0,1.8436429918555277,0.10957633993952229
54.0,72375.0,306911.0,368.0,1,5.0,12.0,23120.0,1.0,4.240507903172323,0.3194429092516856
51.0,141826.0,118619.0,464.0,1,2.0,36.0,21790.0,1.0,0.8363640209551073,0.15363788277267376
30.0,55435.0,734688.0,788.0,2,3.0,12.0,27887.0,0.0,13.252904249945884,0.5030485605022007
39.0,116443.0,358623.0,604.0,0,1.0,36.0,28875.0,0.0,3.079789426677201,0.24797327470715538
52.0,77132.0,551643.0,664.0,1,1.0,60.0,29912.0,0.0,7.151841624207537,0.3877977000764913
21.0,98945.0,201175.0,678.0,0,2.0,36.0,16606.0,0.0,2.0331797141875367,0.1678289167828917
25.0,102050.0,220963.0,642.0,0,2.0,48.0,12139.0,0.0,2.165221310913171,0.11895032875719003
24.0,149828.0,191826.0,653.0,0,2.0,36.0,19303.0,0.0,1.2802995414772842,0.12883353689873123
36.0,115402.0,148540.0,715.0,2,4.0,48.0,24203.0,1.0,1.2871415821079175,0.2097259170038907
44.0,22983.0,677035.0,408.0,0,4.0,60.0,4044.0,0.0,29.456796032022275,0.17594848590323703
36.0,117241.0,236994.0,796.0,1,5.0,60.0,18802.0,0.0,2.0214087101891813,0.16036915098684773
22.0,40662.0,360375.0,640.0,0,4.0,12.0,20133.0,0.0,8.862479403880677,0.49511841231586456
48.0,43510.0,79301.0,682.0,1,0.0,48.0,29418.0,0.0,1.822550619383604,0.6761048930155593
52.0,98187.0,272724.0,832.0,0,5.0,48.0,25762.0,0.0,2.777569560435084,0.2623742208823889
47.0,60998.0,564003.0,599.0,1,1.0,24.0,19483.0,0.0,9.246102395121232,0.3193986786668634
40.0,76846.0,243783.0,438.0,1,3.0,24.0,5392.0,1.0,3.17231642094031,0.07016539357424492
44.0,114071.0,746683.0,658.0,0,0.0,24.0,21156.0,0.0,6.5457167403043695,0.18546181359141595
32.0,26640.0,68752.0,798.0,0,1.0,36.0,12672.0,0.0,2.580683908261702,0.47565782065237794
55.0,64547.0,787565.0,684.0,1,1.0,24.0,16444.0,1.0,12.201230092334386,0.25475615046167194
53.0,74620.0,718755.0,579.0,2,5.0,48.0,8784.0,0.0,9.632074081022768,0.11771485238739765
53.0,35317.0,267029.0,782.0,0,2.0,36.0,19929.0,0.0,7.560705589217963,0.5642731751514808
57.0,135608.0,106273.0,410.0,2,2.0,60.0,3070.0,1.0,0.7836721751506168,0.022638615431129203
32.0,27564.0,308503.0,438.0,0,0.0,12.0,24906.0,0.0,11.191837475058952,0.9035370941411209
23.0,47345.0,666166.0,734.0,0,2.0,24.0,3850.0,0.0,14.070164322223631,0.08131626747771722
21.0,133824.0,169968.0,808.0,0,1.0,60.0,23437.0,0.0,1.270076592564917,0.17513170184943022
53.0,114223.0,427844.0,572.0,0,2.0,48.0,14390.0,1.0,3.745657655133772,0.1259805294859224
30.0,143372.0,650847.0,398.0,2,4.0,12.0,4939.0,0.0,4.539536732857651,0.034448606083432726
49.0,99273.0,60699.0,403.0,0,2.0,60.0,12095.0,0.0,0.6114289743538086,0.12183451860507283
33.0,94859.0,246133.0,513.0,1,1.0,12.0,18301.0,0.0,2.594697448872022,0.19292641787897954
32.0,100765.0,584003.0,464.0,1,5.0,24.0,9194.0,0.0,5.795635432586388,0.09124109322588969
51.0,130017.0,69169.0,819.0,2,0.0,48.0,7851.0,0.0,0.5319955698441754,0.06038394683813011
22.0,94038.0,568652.0,583.0,0,3.0,12.0,25057.0,0.0,6.046980508087071,0.2664532800221185
55.0,143618.0,168413.0,816.0,1,2.0,60.0,18378.0,0.0,1.1726373251450017,0.12796357027969837
43.0,72393.0,693552.0,463.0,2,1.0,24.0,2678.0,0.0,9.580241456474294,0.03699201591292096
37.0,86081.0,317926.0,363.0,0,3.0,24.0,2988.0,1.0,3.6932924420901,0.03471108942636091
46.0,145341.0,793537.0,390.0,1,3.0,60.0,29051.0,0.0,5.459791388586919,0.19988028236848263
28.0,122650.0,572988.0,416.0,1,4.0,60.0,28183.0,0.0,4.671694482719261,0.2297820645571581
49.0,49430.0,174481.0,566.0,2,3.0,12.0,29445.0,1.0,3.529788998806417,0.5956788250288281
46.0,95532.0,265400.0,439.0,0,5.0,36.0,3502.0,0.0,2.7780976207174484,0.03665749008196121
30.0,47788.0,609873.0,545.0,0,1.0,24.0,20173.0,0.0,12.76178618510536,0.4221264307685869
46.0,115505.0,228936.0,694.0,1,1.0,12.0,23665.0,1.0,1.9820269076931067,0.20488113171610134
54.0,68543.0,442136.0,786.0,1,2.0,60.0,18198.0,0.0,6.450396825396825,0.2654936974789916
27.0,33919.0,498330.0,775.0,1,2.0,12.0,23411.0,0.0,14.69133254716981,0.6901827830188679
24.0,89346.0,439954.0,816.0,0,2.0,60.0,19809.0,0.0,4.924104894400483,0.22170861920377852
31.0,116122.0,88067.0,483.0,2,5.0,48.0,17867.0,0.0,0.758394116583278,0.15386271453544947
49.0,59974.0,748045.0,319.0,2,3.0,60.0,16266.0,0.0,12.472613588995415,0.27121300541892457
56.0,127309.0,68073.0,823.0,0,3.0,60.0,8654.0,0.0,0.534702694210981,0.06797580708506794
45.0,36371.0,86035.0,828.0,2,4.0,60.0,4440.0,0.0,2.365418453755636,0.12207192345760474
41.0,65084.0,246049.0,446.0,1,5.0,36.0,12234.0,0.0,3.780425597295844,0.18796957824383498
56.0,49629.0,283782.0,603.0,2,2.0,60.0,25240.0,0.0,5.717952851098127,0.5085633689300826
30.0,71184.0,664661.0,527.0,2,0.0,24.0,9367.0,0.0,9.337093488796796,0.1315867106834305
57.0,81916.0,664805.0,401.0,2,4.0,24.0,27854.0,1.0,8.115592612034131,0.34002710060182867
29.0,147293.0,639738.0,716.0,1,0.0,12.0,15490.0,0.0,4.343272638396676,0.10516382201583228
44.0,93972.0,584670.0,515.0,0,3.0,36.0,4594.0,1.0,6.221680695518925,0.048886382258733894
55.0,82187.0,776331.0,706.0,1,4.0,12.0,23073.0,0.0,9.445795006570302,0.28073441378303404
55.0,32984.0,507828.0,698.0,0,4.0,24.0,20820.0,0.0,15.395725329695317,0.6311959981809914
56.0,53039.0,795715.0,798.0,0,1.0,24.0,7517.0,0.0,15.002168174962293,0.1417232277526395
38.0,105431.0,111929.0,764.0,0,3.0,48.0,28781.0,0.0,1.0616226572577585,0.27298163745352455
59.0,103691.0,717689.0,381.0,2,3.0,60.0,11219.0,0.0,6.92135362419473,0.1081954249122401
52.0,78606.0,337313.0,664.0,2,5.0,24.0,8310.0,0.0,4.291131833042859,0.10571577594870686
44.0,30616.0,137468.0,462.0,0,4.0,12.0,5539.0,0.0,4.489923898487768,0.18091256491491656
43.0,122665.0,84594.0,347.0,0,3.0,12.0,16744.0,0.0,0.689628747982326,0.1365007418518579
52.0,125373.0,241703.0,810.0,2,4.0,60.0,21867.0,0.0,1.9278558552809992,0.17441415285465886
57.0,70072.0,95033.0,628.0,1,5.0,60.0,25755.0,0.0,1.3561999628958372,0.36754527421403393
32.0,44574.0,637421.0,415.0,0,5.0,48.0,20625.0,0.0,14.299966348850253,0.4627033090297252
33.0,23430.0,123861.0,636.0,1,1.0,36.0,8378.0,0.0,5.286202040032435,0.357560496777773
43.0,139123.0,757650.0,446.0,2,4.0,12.0,21149.0,0.0,5.4458612460826314,0.15201546821540496
45.0,32676.0,343894.0,622.0,0,3.0,60.0,11365.0,0.0,10.524038314410747,0.3477981454845916
55.0,30816.0,614749.0,742.0,1,3.0,12.0,13422.0,0.0,19.94837265145861,0.4355388259726774
50.0,52733.0,517016.0,312.0,1,4.0,60.0,29926.0,1.0,9.804224978192437,0.5674896651116926
37.0,105680.0,128222.0,793.0,1,4.0,24.0,6911.0,0.0,1.2132928340950597,0.06539491488536256
40.0,22050.0,686308.0,586.0,2,4.0,12.0,2403.0,0.0,31.12366786086799,0.10897464967575167
45.0,129996.0,594897.0,413.0,2,2.0,24.0,15180.0,0.0,4.576236374685569,0.11677192550597322
42.0,53933.0,704801.0,779.0,1,3.0,12.0,29301.0,1.0,13.067842177476175,0.5432751140282568
33.0,44951.0,253981.0,321.0,1,5.0,36.0,21766.0,0.0,5.650048941092721,0.48420537462181884
39.0,52413.0,154211.0,648.0,2,3.0,48.0,6163.0,1.0,2.9421719387949783,0.1175830884878086
56.0,54801.0,236321.0,619.0,1,2.0,24.0,26014.0,0.0,4.31226962519616,0.47469070471880587
32.0,75619.0,492111.0,425.0,1,4.0,60.0,18471.0,0.0,6.507683152605131,0.24426077757207088
39.0,52913.0,537689.0,576.0,2,1.0,36.0,16336.0,1.0,10.16156404732207,0.3087273689382772
32.0,132573.0,506956.0,503.0,1,4.0,12.0,27734.0,0.0,3.823947380330985,0.20919637334620664
29.0,139076.0,79984.0,493.0,1,4.0,24.0,24200.0,0.0,0.575105876600732,0.1740043285374289
27.0,60600.0,693235.0,846.0,1,2.0,12.0,7470.0,1.0,11.439332684279137,0.12326529265193643
48.0,77775.0,779182.0,585.0,2,3.0,12.0,16953.0,1.0,10.018283275046286,0.2179721250771446
34.0,110816.0,55901.0,356.0,1,4.0,12.0,8276.0,0.0,0.5044442639667199,0.07468168241334813
51.0,149972.0,212624.0,602.0,2,3.0,48.0,7739.0,0.0,1.4177485280683857,0.05160262180525828
39.0,110093.0,272317.0,462.0,2,0.0,48.0,22657.0,1.0,2.4734953766781116,0.20579686449761114
36.0,132590.0,343199.0,318.0,0,5.0,60.0,29433.0,0.0,2.5884034361306574,0.22198339253795507
25.0,55400.0,743045.0,669.0,0,3.0,24.0,27957.0,1.0,13.412122524864172,0.5046298803270699
55.0,24494.0,195788.0,563.0,1,1.0,36.0,8523.0,0.0,7.99297815880792,0.34794856093080223
32.0,100688.0,688387.0,412.0,2,5.0,36.0,23387.0,0.0,6.836764691277101,0.2322696620286228
45.0,142744.0,585426.0,787.0,0,1.0,36.0,26422.0,1.0,4.101201443132859,0.18509930295281796
41.0,109431.0,740658.0,626.0,1,4.0,12.0,16993.0,0.0,6.768203085020835,0.1552836464653849
56.0,94691.0,73429.0,841.0,0,5.0,48.0,14873.0,0.0,0.7754509356651037,0.15706712288260888
43.0,117419.0,624488.0,364.0,0,3.0,24.0,24990.0,0.0,5.318412536194856,0.21282575370464998
36.0,128730.0,252380.0,591.0,2,5.0,12.0,15419.0,0.0,1.9605223295088208,0.11977689911520924
59.0,63001.0,491460.0,324.0,2,4.0,48.0,16457.0,0.0,7.800704739532079,0.2612139297165169
59.0,87364.0,295127.0,848.0,0,2.0,48.0,4064.0,1.0,3.3780919132375664,0.04651748411835403
34.0,144988.0,67347.0,300.0,0,1.0,24.0,7315.0,0.0,0.4644973066922318,0.05045210326300616
51.0,65028.0,722280.0,848.0,2,4.0,24.0,12566.0,0.0,11.107044549354903,0.19323686355318395
25.0,127434.0,606110.0,440.0,1,2.0,24.0,2317.0,1.0,4.756228665594224,0.01818181818181818
55.0,117659.0,614396.0,487.0,2,5.0,12.0,19886.0,0.0,5.221791602923679,0.16901240863505015
43.0,57573.0,532315.0,427.0,0,5.0,60.0,8130.0,0.0,9.245753291416264,0.14120957376593601
49.0,20806.0,57967.0,500.0,1,4.0,24.0,9419.0,0.0,2.78593742490508,0.4526841928197241
31.0,144343.0,586159.0,426.0,0,3.0,60.0,4042.0,1.0,4.060847697167877,0.028002549465166546
38.0,76638.0,275371.0,556.0,1,5.0,12.0,6598.0,0.0,3.5930922898263287,0.08609193752528087
32.0,148301.0,258524.0,846.0,0,3.0,60.0,12214.0,0.0,1.7432266591145096,0.0823589702094375
29.0,146295.0,779630.0,493.0,1,3.0,36.0,2118.0,0.0,5.329127248865314,0.01447749767594466
30.0,126506.0,214685.0,403.0,1,3.0,60.0,2709.0,0.0,1.697020718221126,0.021413834807560057
37.0,49757.0,602467.0,834.0,0,0.0,24.0,17857.0,0.0,12.107942441416455,0.35887696450821976
58.0,54636.0,301537.0,564.0,1,2.0,12.0,21941.0,0.0,5.518915753061113,0.401577685451251
27.0,100097.0,757548.0,683.0,2,2.0,24.0,14601.0,0.0,7.568063297967991,0.1458670502907151
33.0,68280.0,609550.0,559.0,0,5.0,36.0,5250.0,1.0,8.927080739883715,0.07688815336623658
29.0,44262.0,429551.0,713.0,2,5.0,24.0,10061.0,0.0,9.704516187334795,0.22730045410387908
47.0,100435.0,521082.0,657.0,0,3.0,24.0,10609.0,0.0,5.188199450396272,0.10562945557369867
22.0,82211.0,110545.0,374.0,1,0.0,24.0,4603.0,0.0,1.3446333868535008,0.05598939327592079
25.0,74842.0,284555.0,654.0,1,3.0,48.0,14046.0,0.0,3.802025573533931,0.18767286185748835
49.0,148583.0,273894.0,487.0,1,0.0,36.0,19485.0,0.0,1.843361330964303,0.13113794217412372
57.0,76979.0,777506.0,589.0,0,3.0,24.0,22805.0,0.0,10.100103923096908,0.2962457781241881
58.0,134524.0,352066.0,344.0,2,1.0,24.0,9857.0,0.0,2.617104627392678,0.07327262590596544
39.0,101470.0,617201.0,382.0,2,1.0,24.0,13620.0,0.0,6.082535896955781,0.1342255422731618
28.0,58197.0,409177.0,422.0,0,4.0,12.0,10177.0,0.0,7.03077425341077,0.17486855218392386
21.0,61844.0,416936.0,657.0,0,3.0,48.0,24466.0,0.0,6.741628264208909,0.3956019079957959
42.0,84754.0,300497.0,827.0,2,5.0,12.0,25042.0,0.0,3.545478142882426,0.2954633944900006
37.0,121868.0,493057.0,365.0,2,2.0,48.0,20645.0,0.0,4.0457950750395915,0.16940321164529126
27.0,54157.0,751692.0,674.0,2,4.0,24.0,26405.0,0.0,13.879611507071901,0.48755493186602167
45.0,97129.0,535278.0,461.0,2,5.0,36.0,13826.0,0.0,5.510944095542057,0.14234531040873058
24.0,60042.0,206104.0,679.0,0,1.0,60.0,15890.0,0.0,3.432606631913795,0.2646436720350416
56.0,81665.0,743206.0,657.0,0,3.0,60.0,18892.0,1.0,9.100555922905492,0.23133250067347488
26.0,135512.0,764834.0,487.0,1,4.0,24.0,20763.0,0.0,5.643989875510099,0.1532177724646344
51.0,136953.0,94936.0,621.0,2,3.0,12.0,29740.0,0.0,0.6931962556770886,0.21715320472567431
39.0,102856.0,735154.0,749.0,1,1.0,36.0,27263.0,0.0,7.147340482417337,0.2650573125796008
59.0,47376.0,766948.0,773.0,0,4.0,48.0,23136.0,0.0,16.188192582898875,0.488338223188467
47.0,129049.0,252056.0,312.0,0,1.0,24.0,15830.0,0.0,1.9531654397520342,0.12266563347539713
30.0,75554.0,275469.0,483.0,1,0.0,36.0,11484.0,1.0,3.645940043676792,0.1519952352590828
46.0,34199.0,78141.0,410.0,2,1.0,36.0,7495.0,0.0,2.284824561403509,0.21915204678362574
39.0,138533.0,187478.0,807.0,2,3.0,48.0,13267.0,1.0,1.3532995510127477,0.09576710410440759
59.0,101412.0,147359.0,589.0,2,2.0,36.0,21593.0,1.0,1.4530582864129846,0.21292142033072683
23.0,70948.0,204363.0,594.0,2,1.0,12.0,9398.0,0.0,2.880421147584885,0.13246134547350913
33.0,93781.0,615856.0,750.0,1,5.0,12.0,8743.0,0.0,6.566889168497153,0.09322684523682583
48.0,92750.0,671827.0,514.0,1,2.0,12.0,24032.0,0.0,7.243339694450734,0.2591023277377063
40.0,86262.0,621139.0,326.0,0,0.0,36.0,7171.0,0.0,7.200526297485596,0.08312949932184134
48.0,137424.0,543158.0,530.0,2,4.0,12.0,18005.0,1.0,3.9523958522830633,0.13101691831908313
28.0,66600.0,629111.0,620.0,2,4.0,48.0,26274.0,0.0,9.445969279740545,0.39449858110238584
59.0,96898.0,73312.0,532.0,2,2.0,36.0,18708.0,1.0,0.756581595269301,0.19306700791545836
21.0,82483.0,477387.0,736.0,1,4.0,60.0,28569.0,0.0,5.7876315406624315,0.3463580815673343
23.0,38297.0,484995.0,832.0,2,1.0,36.0,15004.0,1.0,12.663716120946264,0.3917698052117604
33.0,50448.0,774188.0,702.0,1,2.0,48.0,12962.0,1.0,15.34595333901564,0.256932743959246
48.0,46172.0,550531.0,352.0,2,3.0,60.0,12775.0,0.0,11.923223528902172,0.27667684577566976
45.0,62874.0,546037.0,612.0,2,1.0,36.0,5557.0,0.0,8.684485089463221,0.0883817097415507
53.0,27657.0,299062.0,580.0,0,1.0,12.0,5587.0,0.0,10.81285703955456,0.20200303709595777
58.0,104386.0,458638.0,330.0,2,1.0,24.0,18535.0,1.0,4.393631390882006,0.17756042419075171
26.0,145617.0,485684.0,636.0,2,3.0,24.0,2954.0,1.0,3.335329423560274,0.020285953659575053
52.0,45425.0,606659.0,482.0,0,0.0,12.0,15794.0,1.0,13.354884867696914,0.34768634702593226
41.0,46685.0,107022.0,322.0,1,5.0,24.0,22738.0,0.0,2.292378871610333,0.48704108297990834
36.0,142000.0,383373.0,843.0,1,4.0,24.0,28947.0,0.0,2.6997908465433342,0.2038506771079077
41.0,132855.0,149071.0,745.0,2,2.0,12.0,25544.0,1.0,1.122049436984404,0.192268320587704
31.0,44578.0,232268.0,373.0,1,0.0,12.0,27767.0,0.0,5.210255950111039,0.6228717557594383
57.0,48831.0,408918.0,309.0,2,2.0,36.0,2687.0,1.0,8.373976081258192,0.05502539318479686
56.0,27906.0,539626.0,783.0,0,4.0,36.0,10501.0,0.0,19.336582219514817,0.37628551976206687
55.0,81413.0,338859.0,755.0,0,3.0,12.0,17138.0,0.0,4.162171125359275,0.21050433586361067
39.0,74028.0,674141.0,459.0,2,1.0,48.0,11694.0,0.0,9.106444771643545,0.15796512177660108
40.0,27287.0,605462.0,313.0,0,1.0,24.0,5127.0,0.0,22.18784813837584,0.18788478452066842
38.0,53660.0,547660.0,477.0,0,3.0,36.0,25147.0,0.0,10.205922364473267,0.46862712211848456
34.0,95758.0,126373.0,711.0,2,0.0,24.0,14760.0,0.0,1.3196984095489719,0.15413694796311575
35.0,80504.0,243021.0,352.0,2,0.0,60.0,13559.0,0.0,3.0187069126141233,0.1684243214707161
51.0,79720.0,243718.0,707.0,0,2.0,12.0,16796.0,0.0,3.0571367644660756,0.21068476311135084
21.0,122979.0,644305.0,321.0,1,3.0,48.0,5395.0,0.0,5.239103919336477,0.04386892177589852
23.0,54701.0,113037.0,329.0,1,0.0,60.0,27389.0,0.0,2.0664143906986947,0.500694672955285
36.0,103300.0,664106.0,559.0,2,3.0,60.0,2845.0,1.0,6.428843864047782,0.027540875693362117
43.0,130177.0,580836.0,504.0,2,4.0,60.0,3164.0,0.0,4.461859914885772,0.024305182135230224
31.0,37674.0,691269.0,358.0,1,1.0,12.0,14954.0,1.0,18.34821499668215,0.39692103516921035
32.0,103560.0,284213.0,770.0,0,1.0,36.0,7904.0,0.0,2.744401850117322,0.07632216761135949
30.0,131543.0,254366.0,765.0,1,1.0,12.0,15731.0,0.0,1.9336951894423158,0.11958736240345436
52.0,43874.0,552420.0,311.0,1,3.0,36.0,28343.0,0.0,12.590769230769231,0.645994301994302
36.0,63642.0,204249.0,589.0,1,3.0,60.0,23744.0,0.0,3.2092924595006522,0.373081092971733
28.0,143867.0,336166.0,653.0,1,2.0,60.0,2354.0,0.0,2.336628020129563,0.016362220924736565
58.0,117820.0,680585.0,374.0,2,1.0,48.0,20256.0,0.0,5.77643204522114,0.1719218135985945
32.0,85160.0,710902.0,740.0,2,2.0,36.0,20408.0,0.0,8.347741336996982,0.23964021089465834
44.0,37602.0,272084.0,540.0,0,1.0,60.0,4817.0,0.0,7.235699279312821,0.1281014812647927
48.0,123320.0,539536.0,453.0,0,2.0,24.0,5832.0,0.0,4.375053721588375,0.04729121560804729
28.0,108801.0,110428.0,395.0,0,2.0,48.0,14467.0,0.0,1.0149445782246649,0.13296630576643811
48.0,45931.0,728100.0,593.0,0,4.0,12.0,10257.0,0.0,15.851693808238265,0.2233083688931464
56.0,114377.0,371497.0,508.0,1,2.0,48.0,15107.0,0.0,3.2479760093724317,0.1320795957264509
46.0,49192.0,687420.0,642.0,2,3.0,24.0,14458.0,0.0,13.973939381619337,0.29390360417132516
28.0,66542.0,237604.0,387.0,2,2.0,36.0,12713.0,0.0,3.570683618111597,0.19104939663075005
48.0,147015.0,590340.0,689.0,0,1.0,12.0,4581.0,0.0,4.015481308156935,0.031159873755237526
48.0,62520.0,150689.0,624.0,0,2.0,12.0,11582.0,1.0,2.4102141680395386,0.18524975608195646
57.0,84772.0,752436.0,456.0,1,0.0,36.0,27706.0,1.0,8.875892088282827,0.3268257582013141
56.0,78762.0,496636.0,436.0,1,5.0,48.0,20870.0,0.0,6.305447989538235,0.2649721315846273
47.0,70106.0,706031.0,727.0,0,1.0,60.0,27410.0,0.0,10.07076326187114,0.3909737971957151
37.0,101121.0,312307.0,751.0,2,0.0,48.0,10418.0,0.0,3.0884179505943314,0.10302406993532565
29.0,45559.0,353568.0,440.0,2,1.0,24.0,20827.0,0.0,7.760491659350308,0.4571334503950834
53.0,125595.0,552754.0,382.0,2,3.0,60.0,27303.0,0.0,4.401047804070194,0.21738749641708335
40.0,53742.0,513547.0,476.0,0,5.0,48.0,16419.0,0.0,9.55560724187336,0.30550955473270935
33.0,89669.0,453850.0,497.0,2,5.0,36.0,13814.0,0.0,5.061336009813761,0.1540537526486004
48.0,100199.0,185870.0,720.0,1,3.0,24.0,3036.0,0.0,1.85499001996008,0.03029940119760479
49.0,41754.0,334564.0,700.0,1,5.0,24.0,12024.0,0.0,8.012549395282003,0.28796551311220214
33.0,23972.0,560259.0,770.0,0,3.0,24.0,12932.0,0.0,23.37041671880866,0.539440203562341
55.0,90831.0,694863.0,517.0,1,0.0,60.0,27068.0,0.0,7.64998018319535,0.29800070459749867
26.0,132217.0,341444.0,474.0,0,4.0,12.0,9435.0,0.0,2.5824320440484656,0.07135942156136078
38.0,61873.0,60749.0,322.0,2,1.0,60.0,3548.0,0.0,0.9818178879658661,0.05734234088631735
25.0,114661.0,678419.0,534.0,2,3.0,48.0,27719.0,0.0,5.916685562784532,0.24174530358793672
45.0,126532.0,730481.0,312.0,2,1.0,12.0,7065.0,0.0,5.773047347332317,0.055835236657630814
22.0,146267.0,349631.0,400.0,1,0.0,48.0,24880.0,0.0,2.390345119916865,0.17009872289222522
30.0,29903.0,275019.0,835.0,0,4.0,12.0,24567.0,0.0,9.196729534510434,0.8215288924558587
50.0,23020.0,476577.0,822.0,2,0.0,60.0,22341.0,1.0,20.701837452760522,0.9704617523131054
25.0,61755.0,647218.0,751.0,0,5.0,24.0,5407.0,0.0,10.480244834510007,0.08755424574130449
53.0,105956.0,719416.0,730.0,2,1.0,36.0,2639.0,1.0,6.789697707560614,0.024906329926290854
21.0,106988.0,340524.0,832.0,1,4.0,24.0,2172.0,0.0,3.1827944928917926,0.020301152454925274
38.0,65648.0,306553.0,592.0,1,5.0,60.0,7666.0,0.0,4.669576078843547,0.11677253271184633
52.0,123537.0,498532.0,400.0,0,4.0,12.0,6354.0,0.0,4.035454677912869,0.051433566999627645
31.0,145991.0,769401.0,801.0,1,5.0,24.0,22343.0,0.0,5.270158638829525,0.15304263247301222
41.0,29516.0,429504.0,603.0,1,0.0,60.0,27092.0,0.0,14.551072263441407,0.9178439543314022
46.0,132863.0,103352.0,839.0,0,3.0,48.0,27098.0,0.0,0.7778781310211946,0.20395291425818882
45.0,135005.0,474127.0,654.0,2,1.0,36.0,12109.0,1.0,3.5118957675955143,0.08969230997140867
42.0,22396.0,213856.0,602.0,1,2.0,24.0,4886.0,1.0,9.548421663615663,0.21815421708264499
47.0,104082.0,53191.0,795.0,0,2.0,12.0,4164.0,0.0,0.5110440705975039,0.040006533247504396
33.0,39129.0,678864.0,526.0,1,0.0,48.0,28505.0,0.0,17.348939432660362,0.7284692052133913
53.0,148322.0,245713.0,535.0,1,1.0,60.0,5945.0,0.0,1.6566075389521517,0.040081443875865506
54.0,21591.0,492939.0,754.0,1,1.0,36.0,23619.0,0.0,22.829705446461652,1.0938773619859208
55.0,31303.0,53631.0,312.0,1,0.0,12.0,12401.0,1.0,1.7132315359059545,0.3961474571939688
21.0,50561.0,187244.0,509.0,0,1.0,60.0,9746.0,1.0,3.7032554092005854,0.1927534512084174
41.0,91719.0,354224.0,696.0,0,3.0,60.0,13975.0,1.0,3.8620148277365898,0.15236589620584387
26.0,138618.0,270169.0,399.0,0,0.0,24.0,20974.0,0.0,1.9490041047764015,0.1513068194114804
48.0,112108.0,664641.0,330.0,1,3.0,24.0,9754.0,0.0,5.928524917714011,0.08700461158336975
37.0,148748.0,463497.0,827.0,1,1.0,12.0,17596.0,0.0,3.115967166165823,0.1182932322234099
25.0,119616.0,602959.0,628.0,1,0.0,60.0,23318.0,1.0,5.040746716603827,0.1949388464850314
51.0,144165.0,697099.0,465.0,0,1.0,24.0,22460.0,0.0,4.8353911463174395,0.15579262794278817
25.0,106231.0,756791.0,758.0,1,0.0,36.0,7185.0,0.0,7.123945703742752,0.06763498757436553
58.0,27314.0,271972.0,399.0,2,1.0,36.0,3093.0,0.0,9.956873512721948,0.11323448654585393
23.0,137071.0,439878.0,472.0,1,3.0,60.0,5880.0,1.0,3.209101785922727,0.04289716353449282
43.0,39623.0,798321.0,461.0,2,3.0,24.0,12686.0,0.0,20.147410660205935,0.3201594992933576
57.0,87675.0,558679.0,562.0,1,1.0,12.0,24943.0,0.0,6.372085861581277,0.2844906245722889
57.0,132992.0,471818.0,573.0,0,0.0,12.0,12771.0,1.0,3.5476904799500724,0.09602761047573932
30.0,116826.0,794149.0,302.0,1,2.0,12.0,12680.0,1.0,6.797649515950936,0.10853655405000556
30.0,85082.0,728832.0,327.0,2,3.0,36.0,4785.0,0.0,8.56612954409224,0.05623920172067275
39.0,149839.0,754590.0,625.0,2,3.0,24.0,24449.0,0.0,5.035971703150027,0.16316737853710625
37.0,103624.0,57099.0,448.0,1,5.0,24.0,16799.0,1.0,0.5510156815440289,0.16211338962605548
41.0,125228.0,468647.0,839.0,2,2.0,36.0,18280.0,1.0,3.7423200696324335,0.14597257823667042
34.0,53130.0,630780.0,787.0,2,1.0,12.0,8539.0,0.0,11.872165026067645,0.16071596619675896
29.0,71756.0,146722.0,737.0,0,0.0,12.0,29334.0,0.0,2.0447064397898465,0.40879635436264056
21.0,117624.0,604399.0,364.0,1,5.0,60.0,19958.0,0.0,5.138354941551541,0.16967481402763018
33.0,46292.0,113936.0,655.0,1,1.0,48.0,18016.0,1.0,2.4611928369299894,0.38917330913961073
24.0,131785.0,727974.0,832.0,1,4.0,24.0,24060.0,0.0,5.523909975262926,0.18256870987813575
21.0,147331.0,273332.0,551.0,2,3.0,24.0,16730.0,0.0,1.855211359378818,0.11355306382863194
52.0,106206.0,775836.0,534.0,1,4.0,24.0,12565.0,0.0,7.304942235445875,0.11830670294801661
54.0,89274.0,373064.0,526.0,1,3.0,48.0,10060.0,1.0,4.178818258190983,0.11268552226267152
48.0,22469.0,537510.0,824.0,0,3.0,60.0,5990.0,0.0,23.921228304405876,0.2665776591010236
51.0,73947.0,113530.0,612.0,0,4.0,48.0,23594.0,0.0,1.5352680261805594,0.31906204359820417
28.0,42534.0,479440.0,348.0,0,4.0,12.0,23229.0,0.0,11.271658634066064,0.5461149641471729
59.0,83620.0,319932.0,417.0,2,1.0,12.0,27669.0,0.0,3.8259767283337918,0.33088578227957094
46.0,68874.0,602370.0,353.0,1,5.0,24.0,19573.0,0.0,8.745843920145191,0.2841814882032668
54.0,69708.0,663858.0,343.0,0,5.0,36.0,21073.0,0.0,9.523275330301683,0.3022995595977564
23.0,94553.0,675303.0,352.0,0,4.0,24.0,6095.0,0.0,7.141982359286756,0.06446051991454618
32.0,88344.0,782176.0,824.0,0,1.0,36.0,16549.0,1.0,8.853653291074764,0.187322429113136
21.0,69138.0,197603.0,401.0,1,5.0,48.0,20259.0,0.0,2.858054064999494,0.29301841218415076
25.0,74302.0,668727.0,697.0,1,1.0,12.0,26152.0,0.0,9.0,0.35196425447155566
50.0,67638.0,191214.0,437.0,1,1.0,36.0,21790.0,0.0,2.826978518310442,0.322151421517172
50.0,98249.0,689341.0,686.0,2,3.0,48.0,11979.0,0.0,7.016193384223919,0.1219236641221374
37.0,125865.0,622643.0,410.0,2,5.0,12.0,22316.0,0.0,4.946872070296982,0.1772996679007834
43.0,22719.0,453082.0,316.0,0,5.0,36.0,28183.0,1.0,19.941989436619718,1.240448943661972
35.0,42890.0,251139.0,481.0,1,3.0,24.0,26624.0,0.0,5.855284325382947,0.6207362850015155
57.0,97236.0,699714.0,835.0,0,4.0,24.0,7408.0,0.0,7.195964499110421,0.07618499130989233
41.0,56509.0,638315.0,840.0,1,3.0,24.0,22245.0,1.0,11.29561139621306,0.3936471420987436
34.0,62534.0,501122.0,470.0,1,5.0,48.0,15937.0,0.0,8.013464459902455,0.25484928440073557
22.0,122302.0,209210.0,708.0,1,5.0,24.0,25790.0,1.0,1.7105876388968382,0.21086972519071487
31.0,112241.0,142601.0,677.0,2,4.0,60.0,28756.0,0.0,1.2704780741611874,0.256196432707899
59.0,38787.0,79956.0,487.0,2,3.0,12.0,29622.0,0.0,2.061359183252552,0.763689800969372
58.0,146209.0,288340.0,529.0,1,0.0,48.0,4833.0,0.0,1.9720949319471992,0.03305519458313385
54.0,68845.0,679085.0,418.0,0,0.0,24.0,7285.0,0.0,9.86382651134416,0.10581587891816518
58.0,77932.0,519511.0,455.0,1,4.0,12.0,11589.0,0.0,6.666123465027652,0.1487046565639716
54.0,112124.0,710799.0,764.0,1,3.0,36.0,16708.0,0.0,6.339344481605351,0.1490122630992196
38.0,111659.0,471486.0,403.0,0,3.0,24.0,16116.0,0.0,4.222514777001612,0.1443310048361096
50.0,53062.0,653103.0,801.0,1,1.0,12.0,9645.0,1.0,12.308067768501592,0.18176507170721595
35.0,95713.0,89279.0,474.0,0,5.0,60.0,14018.0,0.0,0.9327684560252418,0.14645715360344358
47.0,107263.0,421931.0,720.0,2,2.0,36.0,27407.0,1.0,3.9335751044152745,0.25550977028639615
54.0,115756.0,198702.0,433.0,2,4.0,60.0,12889.0,0.0,1.7165441398792298,0.1113453182096979
58.0,80461.0,111063.0,690.0,0,2.0,12.0,6777.0,0.0,1.3803161740946037,0.0842260943053864
53.0,95418.0,304311.0,800.0,2,2.0,60.0,17994.0,1.0,3.1892076001634893,0.18857879457969587
44.0,86672.0,702184.0,332.0,2,4.0,12.0,4735.0,0.0,8.101531041962318,0.054630623146770044
35.0,148232.0,740504.0,354.0,0,3.0,12.0,15611.0,1.0,4.995540804004507,0.10531393144576444
50.0,54832.0,495377.0,818.0,2,4.0,60.0,26657.0,0.0,9.034285922710776,0.486148851968705
37.0,147335.0,539934.0,311.0,1,2.0,12.0,26662.0,0.0,3.664644078840202,0.1809605256013466
25.0,51966.0,569089.0,827.0,1,5.0,24.0,8368.0,0.0,10.950968884099524,0.16102526603421402
49.0,92545.0,796434.0,672.0,0,5.0,12.0,28639.0,0.0,8.605817647440192,0.30945691872150066
24.0,32987.0,258432.0,783.0,2,5.0,48.0,19205.0,0.0,7.83412149872681,0.582181399296714
30.0,57311.0,232051.0,527.0,1,3.0,12.0,25909.0,0.0,4.048907733109995,0.4520693746510329
37.0,51575.0,147661.0,606.0,1,0.0,48.0,2162.0,0.0,2.8629789049170156,0.0419187218861486
30.0,83852.0,747960.0,756.0,2,4.0,12.0,9777.0,0.0,8.91989553146578,0.11659690172086866
37.0,147650.0,502776.0,459.0,2,5.0,12.0,16849.0,0.0,3.405164882052949,0.1141136870051676
40.0,21007.0,521256.0,630.0,1,4.0,60.0,28973.0,0.0,24.812261995430312,1.3791412795125666
44.0,90981.0,173257.0,524.0,1,5.0,24.0,20316.0,0.0,1.9042997515992175,0.22329691587346948
25.0,96242.0,319054.0,803.0,0,3.0,24.0,29304.0,1.0,3.3150878505449746,0.30447928680527414
54.0,67517.0,609252.0,755.0,0,0.0,36.0,5535.0,1.0,9.023549275748689,0.0819781391628899
26.0,130022.0,468443.0,344.0,1,0.0,60.0,24340.0,0.0,3.6027702791044662,0.187197649646601
22.0,49257.0,371909.0,513.0,0,5.0,60.0,21830.0,1.0,7.550225344106541,0.4431767428641033
33.0,107272.0,682500.0,358.0,1,3.0,24.0,15403.0,0.0,6.362271960325525,0.14358692308409385
31.0,62207.0,613359.0,494.0,1,1.0,60.0,16516.0,1.0,9.859809027777779,0.2654963991769547
43.0,33281.0,162990.0,788.0,0,4.0,24.0,21174.0,0.0,4.89724175229854,0.6361997476113215
36.0,81246.0,119519.0,456.0,0,4.0,60.0,21091.0,0.0,1.4710573928883528,0.259591123364555
51.0,21435.0,59503.0,525.0,2,2.0,12.0,9959.0,0.0,2.7758443739503638,0.4645922746781116
31.0,118875.0,241775.0,711.0,2,3.0,24.0,5933.0,0.0,2.033841986607894,0.049909149029240554
36.0,120686.0,669745.0,504.0,2,2.0,24.0,5385.0,0.0,5.549437801917357,0.04461955305873872
28.0,111357.0,763226.0,378.0,1,5.0,48.0,25020.0,0.0,6.853804845633004,0.22468075935271825
24.0,46660.0,197977.0,423.0,0,2.0,60.0,2922.0,1.0,4.242879492509805,0.0626218898009044
24.0,25084.0,620126.0,770.0,1,0.0,60.0,26473.0,0.0,24.72098863862866,1.0553318716364362
45.0,102197.0,501495.0,517.0,0,4.0,24.0,12367.0,0.0,4.907092115305583,0.1210101958942445
23.0,33507.0,663777.0,815.0,1,2.0,12.0,15737.0,0.0,19.809508177151724,0.46964903903545424
52.0,92595.0,76806.0,403.0,2,0.0,12.0,28158.0,0.0,0.8294742753466673,0.3040952092962979
23.0,103807.0,226072.0,692.0,2,3.0,12.0,2564.0,0.0,2.177789765721332,0.02469944512946979
47.0,65539.0,465384.0,733.0,2,2.0,60.0,21642.0,0.0,7.100762892889838,0.33021055843759534
49.0,135953.0,120119.0,630.0,1,5.0,48.0,12789.0,0.0,0.8835267811171426,0.09406858202038924
52.0,27491.0,235165.0,442.0,0,5.0,24.0,4500.0,0.0,8.553942965226248,0.16368398079441293
39.0,147706.0,679720.0,839.0,0,5.0,36.0,22950.0,0.0,4.601813048806083,0.1553751684077261
41.0,132831.0,520641.0,577.0,2,4.0,48.0,27563.0,1.0,3.9195449891592387,0.20750271019031558
25.0,70192.0,521027.0,532.0,2,2.0,36.0,8881.0,1.0,7.422777200005698,0.12652258772242247
38.0,100395.0,457507.0,828.0,2,3.0,48.0,5636.0,0.0,4.557024184230447,0.05613769472887366
48.0,143797.0,752164.0,389.0,2,2.0,12.0,24414.0,0.0,5.230698618895952,0.16977983003936076
42.0,83888.0,134080.0,791.0,0,4.0,60.0,2223.0,0.0,1.598302518804611,0.026499302649930265
41.0,93609.0,302791.0,498.0,1,0.0,36.0,8297.0,0.0,3.2346010041662216,0.08863369298151907
26.0,29077.0,127794.0,661.0,1,4.0,48.0,16895.0,0.0,4.394868973106816,0.5810234541577826
21.0,137440.0,342985.0,740.0,1,5.0,60.0,2350.0,0.0,2.4955071630736096,0.017098245792740156
25.0,142901.0,174447.0,325.0,1,0.0,36.0,25698.0,1.0,1.2207456858546417,0.17982953352647268
32.0,40953.0,170029.0,324.0,2,5.0,24.0,20312.0,0.0,4.151706792987254,0.4959710895150657
46.0,96919.0,229830.0,693.0,2,1.0,48.0,26127.0,0.0,2.3713371853074703,0.26957284358233596
54.0,134682.0,557942.0,806.0,2,4.0,24.0,26924.0,0.0,4.14263121552089,0.19990644699034027
34.0,141041.0,388416.0,600.0,1,4.0,12.0,6732.0,0.0,2.7539030926957926,0.04773046326626111
46.0,87889.0,611931.0,638.0,2,3.0,24.0,3017.0,0.0,6.962464444191603,0.03432699965866424
47.0,43821.0,356094.0,566.0,2,2.0,24.0,20610.0,0.0,8.125918488430468,0.470311715576651
29.0,57567.0,237921.0,760.0,0,0.0,48.0,25590.0,0.0,4.132868954974986,0.444517787659811
46.0,135374.0,412644.0,755.0,0,0.0,12.0,17229.0,0.0,3.0481551246537397,0.12726869806094182
42.0,44860.0,733404.0,659.0,2,3.0,24.0,9170.0,0.0,16.34836494951071,0.2044091750072446
50.0,41195.0,548685.0,367.0,0,3.0,60.0,15303.0,0.0,13.318890183512963,0.37146810369938826
37.0,97475.0,437732.0,711.0,0,2.0,36.0,8207.0,0.0,4.490664368665107,0.08419508391809266
46.0,110874.0,590285.0,790.0,2,5.0,24.0,14316.0,0.0,5.323878241262683,0.1291183765501691
56.0,107266.0,672893.0,348.0,2,2.0,12.0,4419.0,0.0,6.273066273877334,0.04119626725833667
21.0,41427.0,394710.0,401.0,2,4.0,24.0,8240.0,1.0,9.527614173988606,0.1988992951626919
28.0,120732.0,719931.0,515.0,2,5.0,36.0,3893.0,0.0,5.963001002211492,0.03224470525871137
55.0,47083.0,682543.0,737.0,1,1.0,12.0,15753.0,1.0,14.49628323846742,0.33457225384419337
35.0,107046.0,501157.0,458.0,1,2.0,48.0,7322.0,1.0,4.6816538529804665,0.06839986174297272
42.0,77372.0,108005.0,788.0,2,3.0,12.0,13232.0,0.0,1.395900378685071,0.17101572900107273
34.0,143786.0,267322.0,541.0,0,5.0,48.0,28644.0,0.0,1.8591527745901923,0.19921133343069958
46.0,64064.0,239784.0,304.0,2,2.0,12.0,26102.0,1.0,3.7428236946850855,0.40742995395301645
48.0,27813.0,617829.0,660.0,2,0.0,36.0,25262.0,0.0,22.21287840655785,0.9082476450708277
43.0,51598.0,73387.0,758.0,0,1.0,36.0,19509.0,0.0,1.4222562452760712,0.37808872264966376
34.0,132718.0,754268.0,547.0,1,4.0,12.0,5117.0,1.0,5.68319532244818,0.03855514282054567
44.0,146879.0,135457.0,721.0,2,0.0,24.0,6161.0,0.0,0.9222290305010893,0.041945806100217864
22.0,113106.0,194129.0,314.0,2,0.0,36.0,17523.0,0.0,1.7163305542539364,0.1549240984200801
46.0,47082.0,638316.0,421.0,1,1.0,48.0,6042.0,0.0,13.557249962831595,0.12832657222352017
34.0,49241.0,693534.0,576.0,1,4.0,48.0,6433.0,1.0,14.084196417692214,0.13064051013362576
27.0,116214.0,367875.0,752.0,0,3.0,60.0,28746.0,0.0,3.1654691735146065,0.24735189089188142
23.0,64569.0,730218.0,689.0,1,5.0,48.0,16016.0,0.0,11.308936038407928,0.24804088586030665
43.0,31745.0,229761.0,593.0,1,4.0,60.0,27022.0,1.0,7.237478737478737,0.8511938511938512
38.0,46029.0,618926.0,745.0,1,2.0,12.0,4658.0,0.0,13.446143819248316,0.1011948729089724
58.0,33025.0,534814.0,509.0,0,0.0,12.0,29938.0,0.0,16.193726155150486,0.9064979107369951
55.0,121660.0,227558.0,601.0,1,2.0,12.0,12910.0,0.0,1.8704268417981111,0.10611453136173465
35.0,143395.0,594855.0,522.0,1,3.0,24.0,21867.0,0.0,4.148337471059165,0.15249379341125274
45.0,34288.0,472955.0,302.0,0,2.0,24.0,4944.0,0.0,13.793198985097261,0.14418618215754322
57.0,109186.0,632092.0,817.0,1,4.0,60.0,9210.0,0.0,5.789077454275692,0.0843507010907892
48.0,26540.0,420965.0,392.0,1,2.0,48.0,26037.0,0.0,15.86093214272258,0.981010512037979
30.0,117768.0,53754.0,819.0,0,3.0,48.0,10787.0,1.0,0.45643590418531194,0.09159456223624214
59.0,101958.0,601332.0,727.0,2,3.0,12.0,3986.0,0.0,5.897782441961965,0.03909414568601104
37.0,88878.0,117260.0,792.0,0,3.0,36.0,12942.0,0.0,1.3193217745474184,0.14561369952407205
59.0,61846.0,116912.0,534.0,1,4.0,24.0,19458.0,0.0,1.8903422963118663,0.3146150985496467
42.0,121148.0,306695.0,460.0,1,3.0,24.0,14161.0,1.0,2.531552055733023,0.11688912000924481
46.0,95932.0,582994.0,630.0,1,0.0,12.0,22689.0,0.0,6.077095472882116,0.23650881344271524
45.0,37482.0,396130.0,632.0,0,3.0,24.0,5007.0,0.0,10.568257610116586,0.13358055651895526
37.0,43411.0,756972.0,349.0,1,2.0,12.0,2969.0,0.0,17.436929881138855,0.06839122823182531
33.0,70975.0,79725.0,822.0,1,5.0,60.0,10772.0,0.0,1.1232670198376915,0.15176961226330027
40.0,80545.0,186998.0,791.0,0,2.0,48.0,4824.0,0.0,2.3216298760956473,0.05989124227149703
45.0,132302.0,154555.0,571.0,2,5.0,36.0,3211.0,0.0,1.1681896857969962,0.02427004678654301
24.0,98797.0,311486.0,551.0,2,2.0,48.0,2229.0,0.0,3.152756128666572,0.02256118544909816
30.0,72307.0,630735.0,389.0,1,4.0,48.0,22668.0,1.0,8.722893732367096,0.3134922830115617
23.0,23093.0,735166.0,745.0,0,2.0,60.0,17774.0,0.0,31.833636442365982,0.7696371351866286
38.0,97258.0,615609.0,631.0,1,4.0,24.0,16345.0,0.0,6.329583894549605,0.16805642665460266
56.0,42042.0,283103.0,438.0,0,4.0,36.0,5185.0,0.0,6.733653640320624,0.12332611849772851
42.0,72930.0,465872.0,656.0,0,3.0,24.0,17011.0,1.0,6.387846046262906,0.23324786441979406
54.0,137584.0,105147.0,573.0,2,0.0,48.0,18885.0,0.0,0.7642330195878911,0.13726060253661374
28.0,64413.0,665684.0,318.0,2,5.0,12.0,28708.0,1.0,10.334461452479275,0.4456795106653833
39.0,133387.0,492882.0,610.0,0,3.0,48.0,2048.0,1.0,3.6951000089963113,0.015353704980957807
57.0,113623.0,525584.0,453.0,1,3.0,24.0,21950.0,0.0,4.6256424699007255,0.1931810180947687
26.0,117883.0,350931.0,689.0,2,4.0,48.0,17173.0,0.0,2.976917987173832,0.1456771063078959
46.0,53756.0,294839.0,559.0,1,4.0,12.0,21439.0,0.0,5.484662462563015,0.3988131778187027
54.0,73268.0,506162.0,424.0,2,5.0,60.0,27264.0,0.0,6.908269527358091,0.3721082586086885
26.0,59214.0,596015.0,653.0,2,2.0,24.0,18770.0,0.0,10.065270623997298,0.31698049480705903
57.0,101871.0,145081.0,572.0,1,2.0,48.0,2969.0,0.0,1.424149913617088,0.029144416522695147
53.0,147844.0,434865.0,544.0,2,3.0,24.0,27581.0,1.0,2.9413575027900842,0.18655348506882208
42.0,48602.0,642344.0,749.0,2,1.0,60.0,16553.0,0.0,13.216138921465753,0.3405756846285209
41.0,73331.0,708441.0,546.0,1,1.0,48.0,7820.0,1.0,9.660734740631648,0.10663830251459118
26.0,68901.0,739556.0,819.0,2,2.0,48.0,16292.0,0.0,10.733447505152245,0.2364517720820876
26.0,119986.0,742095.0,440.0,2,1.0,24.0,5052.0,0.0,6.1847950194604415,0.04210456132747714
24.0,83416.0,130102.0,661.0,2,2.0,24.0,13609.0,1.0,1.5596581032643226,0.16314420321996714
50.0,52196.0,206570.0,307.0,1,4.0,12.0,25781.0,0.0,3.9575071364254653,0.49391727493917276
31.0,148386.0,651153.0,777.0,0,3.0,60.0,4302.0,0.0,4.388207861874693,0.02899175803810307
50.0,25626.0,737016.0,651.0,1,0.0,12.0,4283.0,0.0,28.75935536738596,0.1671284192453272
51.0,27424.0,117695.0,794.0,0,3.0,48.0,17385.0,0.0,4.291522333637192,0.6339106654512306
44.0,32857.0,481116.0,726.0,2,2.0,24.0,11799.0,0.0,14.64227889707225,0.35909063241828476
29.0,130459.0,571608.0,338.0,0,2.0,48.0,17620.0,0.0,4.38148091369002,0.13506055495937452
23.0,135621.0,167235.0,486.0,1,3.0,48.0,22750.0,0.0,1.2330964002890386,0.16774564598663932
51.0,39982.0,490917.0,392.0,1,5.0,36.0,2122.0,1.0,12.278143210864618,0.0530725558362304
57.0,96961.0,683065.0,385.0,2,2.0,36.0,25183.0,0.0,7.044666982941771,0.2597203027990347
56.0,21980.0,69033.0,343.0,0,1.0,48.0,11472.0,1.0,3.1405759519585095,0.5219052818343114
44.0,68290.0,566409.0,436.0,2,1.0,24.0,5727.0,0.0,8.294050460529206,0.08386170944926857
51.0,46431.0,716165.0,720.0,2,2.0,48.0,15732.0,0.0,15.423953308063405,0.3388180565127498
26.0,104976.0,741211.0,373.0,1,2.0,36.0,26834.0,0.0,7.06069901025939,0.25561789725368417
22.0,127288.0,601120.0,847.0,0,5.0,24.0,27523.0,0.0,4.722481911241348,0.21622449701073934
40.0,102711.0,244509.0,811.0,0,1.0,48.0,6958.0,1.0,2.3805300257029365,0.06774281486097047
48.0,134187.0,427869.0,455.0,0,2.0,60.0,2524.0,0.0,3.1885787104659133,0.018809431543804215
31.0,46385.0,195016.0,554.0,0,2.0,60.0,11079.0,0.0,4.20419954296555,0.23884361660845946
24.0,58158.0,332017.0,470.0,2,5.0,48.0,10399.0,0.0,5.70878110008769,0.17880293677676715
35.0,43019.0,614660.0,469.0,2,5.0,24.0,29958.0,0.0,14.287773128777314,0.696373779637378
26.0,38639.0,139464.0,621.0,1,3.0,48.0,29370.0,1.0,3.6093167701863353,0.7600931677018633
50.0,105530.0,720739.0,755.0,2,5.0,48.0,18532.0,1.0,6.829642474723067,0.17560716756213815
58.0,119911.0,167322.0,454.0,2,0.0,36.0,26385.0,0.0,1.3953732737340716,0.22003635999733137
22.0,41563.0,742111.0,648.0,1,1.0,60.0,18821.0,0.0,17.85465787700895,0.4528197478587239
35.0,59341.0,795182.0,750.0,1,3.0,36.0,12394.0,0.0,13.399986518823093,0.20885713322773078
31.0,135672.0,497557.0,472.0,1,0.0,36.0,5749.0,0.0,3.6673251125868815,0.04237394323115137
28.0,25776.0,466978.0,309.0,2,2.0,48.0,13353.0,1.0,18.116072467703766,0.5180199402568181
46.0,56444.0,674771.0,564.0,2,2.0,36.0,16009.0,0.0,11.954486668438303,0.2836212242005492
25.0,88916.0,573886.0,737.0,1,3.0,60.0,26570.0,0.0,6.454176366724024,0.298817998807877
26.0,28711.0,583884.0,546.0,1,5.0,36.0,22837.0,0.0,20.33588743382558,0.7953817219281136
46.0,94318.0,284627.0,845.0,1,2.0,60.0,13437.0,1.0,3.017705870503292,0.1424633424866676
24.0,102970.0,681827.0,798.0,2,4.0,36.0,7336.0,0.0,6.621543929844325,0.07124335978090919
39.0,132301.0,592601.0,428.0,2,3.0,60.0,6551.0,0.0,4.479153754289428,0.04951550241115025
40.0,105553.0,771909.0,626.0,0,0.0,36.0,4823.0,0.0,7.312929874756049,0.045692252306876104
53.0,50707.0,164914.0,703.0,2,3.0,36.0,24112.0,0.0,3.252228445215745,0.4755068233809261
40.0,59110.0,597993.0,658.0,2,1.0,24.0,14916.0,1.0,10.116441948199151,0.2523388201857522
32.0,149410.0,772724.0,316.0,2,5.0,60.0,29846.0,0.0,5.171801272998641,0.19975771529539324
21.0,81788.0,153892.0,573.0,1,5.0,60.0,17167.0,0.0,1.8815733167051805,0.20989375099340987
46.0,102879.0,784005.0,415.0,2,3.0,60.0,10677.0,0.0,7.620577371695179,0.10378110419906687
34.0,58827.0,314167.0,390.0,1,2.0,12.0,16868.0,0.0,5.340433127082342,0.2867342082001768
58.0,127188.0,693942.0,381.0,0,2.0,36.0,10391.0,0.0,5.455990691018878,0.08169731659184364
57.0,25655.0,240868.0,623.0,0,4.0,60.0,14658.0,0.0,9.388369192391643,0.5713283442469598
31.0,64859.0,130073.0,413.0,1,4.0,12.0,20366.0,0.0,2.0054424915201974,0.3139993832870799
56.0,73625.0,638717.0,357.0,1,5.0,24.0,25380.0,0.0,8.675155515714557,0.3447151821367452
33.0,72098.0,154195.0,453.0,1,4.0,60.0,11663.0,0.0,2.1386565694392434,0.16176368604280225
23.0,35251.0,766987.0,703.0,2,0.0,60.0,4311.0,1.0,21.757261999319187,0.12229093384772495
53.0,142413.0,83848.0,565.0,0,4.0,12.0,9225.0,0.0,0.588762340781103,0.06477593495021557
26.0,20526.0,339910.0,614.0,1,0.0,36.0,13565.0,0.0,16.55916597651873,0.660836946460759
30.0,88760.0,118099.0,340.0,2,4.0,24.0,12270.0,0.0,1.3305280472279493,0.13823638760266332
25.0,67837.0,479276.0,404.0,0,5.0,60.0,28097.0,0.0,7.065007812730328,0.4141778943954716
43.0,145133.0,119122.0,492.0,2,5.0,36.0,15560.0,0.0,0.8207725274573842,0.10721126682927501
30.0,149478.0,721447.0,700.0,0,0.0,24.0,18988.0,1.0,4.8264103987851135,0.12702787682550726
22.0,31536.0,623156.0,577.0,2,3.0,48.0,26559.0,0.0,19.759520563148048,0.842153660779402
33.0,48541.0,693407.0,653.0,0,5.0,48.0,29918.0,0.0,14.28468130690948,0.616332248362243
22.0,99083.0,466441.0,555.0,0,3.0,24.0,17965.0,0.0,4.707530983811715,0.18131080699204716
40.0,71027.0,318787.0,398.0,2,2.0,12.0,7785.0,0.0,4.488187756940925,0.1096046629498226
21.0,54531.0,536275.0,581.0,1,0.0,24.0,27993.0,0.0,9.83413408640798,0.513331621800044
57.0,28712.0,348871.0,702.0,0,5.0,24.0,22981.0,0.0,12.150280360812175,0.8003691707588897
29.0,124101.0,159079.0,408.0,1,1.0,12.0,26143.0,0.0,1.2818407439042079,0.21065736249214356
37.0,85455.0,66029.0,498.0,2,2.0,12.0,14067.0,0.0,0.772666635461524,0.16461102789739748
29.0,94744.0,296353.0,602.0,1,3.0,36.0,25916.0,1.0,3.127901208507045,0.2735342234418703
31.0,141787.0,457442.0,626.0,1,5.0,36.0,29509.0,1.0,3.2262391739780516,0.2081205743786498
35.0,149749.0,244718.0,453.0,1,0.0,12.0,10740.0,0.0,1.6341769616026711,0.0717195325542571
44.0,25109.0,471947.0,704.0,1,4.0,48.0,15653.0,0.0,18.795181202708083,0.6233771405814417
58.0,141332.0,421602.0,761.0,1,1.0,48.0,19222.0,1.0,2.983040054339751,0.13600503774773054
55.0,69268.0,118926.0,431.0,0,3.0,24.0,5815.0,0.0,1.71687190518125,0.08394808644559615
50.0,120737.0,711357.0,383.0,0,2.0,60.0,19231.0,0.0,5.891740794116186,0.15927876890457024
51.0,74615.0,367650.0,698.0,0,0.0,24.0,6709.0,1.0,4.9272274043100674,0.08991369143347272
25.0,102503.0,493031.0,408.0,2,1.0,24.0,6507.0,1.0,4.809870834308905,0.06348044954343245
34.0,143274.0,92092.0,520.0,1,0.0,60.0,8575.0,0.0,0.6427639155470249,0.059849938928633745
31.0,49759.0,374683.0,667.0,0,5.0,12.0,6773.0,0.0,7.52980305466238,0.13611334405144696
29.0,105708.0,202889.0,446.0,2,4.0,48.0,14446.0,0.0,1.9193162360820744,0.1366581842605644
54.0,80112.0,743221.0,411.0,0,2.0,24.0,22852.0,0.0,9.27715851359954,0.2852470884875114
32.0,122471.0,587716.0,793.0,0,0.0,60.0,12464.0,0.0,4.79877849630936,0.10177020053563264
55.0,146740.0,225006.0,804.0,1,3.0,36.0,17864.0,0.0,1.5333546861477023,0.12173830081572294
55.0,143153.0,191330.0,774.0,2,5.0,24.0,23576.0,0.0,1.336532685080403,0.16468977464828088
21.0,46589.0,107775.0,570.0,1,5.0,48.0,5320.0,0.0,2.313264649066323,0.1141875939042713
42.0,50015.0,786940.0,720.0,1,2.0,12.0,12750.0,0.0,15.733765195137556,0.25491842610364684
49.0,49009.0,317613.0,666.0,0,5.0,24.0,6698.0,0.0,6.480575392776984,0.13666598653336054
28.0,103309.0,340998.0,579.0,1,3.0,24.0,22695.0,0.0,3.3007259703804084,0.21967863711160585
31.0,146446.0,711616.0,582.0,2,0.0,60.0,28572.0,0.0,4.859205036634414,0.19510129944621604
57.0,82046.0,126256.0,339.0,1,2.0,36.0,22057.0,1.0,1.5388253074457323,0.26883371725961946
34.0,126661.0,411278.0,488.0,1,5.0,36.0,19948.0,0.0,3.2470512071497373,0.1574900127899449
50.0,46143.0,707011.0,463.0,1,5.0,12.0,20224.0,1.0,15.3218403259362,0.43828016643550627
55.0,26154.0,231360.0,835.0,0,3.0,48.0,8058.0,1.0,8.84572739437966,0.30808640795259035
41.0,41804.0,396874.0,835.0,2,4.0,12.0,25515.0,0.0,9.493457720368378,0.6103336921420882
57.0,61688.0,468267.0,303.0,0,4.0,24.0,29867.0,0.0,7.590769829305063,0.484154387329994
25.0,84288.0,339530.0,589.0,0,5.0,24.0,29463.0,1.0,4.028165003737143,0.3495473905254541
39.0,71195.0,292634.0,732.0,0,0.0,36.0,2726.0,0.0,4.110259003314793,0.03828866790269116
34.0,40581.0,83787.0,770.0,0,2.0,48.0,27820.0,0.0,2.064634567049431,0.6855256024838599
46.0,72648.0,595909.0,480.0,0,5.0,60.0,8697.0,0.0,8.202576773252213,0.11971259067571474
24.0,50087.0,652272.0,547.0,2,1.0,48.0,13910.0,0.0,13.02252036415908,0.2777112282383006
45.0,69930.0,503008.0,578.0,1,2.0,24.0,11257.0,1.0,7.192918734180836,0.1609729590596445
45.0,52981.0,488469.0,553.0,0,4.0,60.0,14963.0,1.0,9.219527386659621,0.2824166698123891
38.0,89298.0,361955.0,480.0,0,5.0,48.0,18666.0,1.0,4.0532928700209405,0.20902809661922306
28.0,66167.0,80447.0,808.0,2,3.0,48.0,3081.0,0.0,1.2157991778503203,0.046563293434893
59.0,95304.0,178046.0,625.0,2,1.0,60.0,22269.0,0.0,1.8681706101463722,0.23366035360159487
34.0,63408.0,789290.0,656.0,1,5.0,24.0,21265.0,0.0,12.447602075415162,0.33536248797489315
52.0,59499.0,566494.0,690.0,2,0.0,48.0,12776.0,0.0,9.52090756302521,0.21472268907563025
58.0,145816.0,735614.0,384.0,1,1.0,60.0,16196.0,0.0,5.044775300547947,0.1110707256355569
53.0,72269.0,691147.0,616.0,0,5.0,24.0,21354.0,0.0,9.563401134634011,0.295475300954753
43.0,58559.0,238490.0,511.0,0,0.0,60.0,11344.0,0.0,4.072575136612022,0.1937158469945355
35.0,134126.0,457688.0,814.0,1,1.0,60.0,17958.0,0.0,3.4123479985386984,0.13388803149254067
53.0,94319.0,554409.0,683.0,2,0.0,48.0,25369.0,0.0,5.8779580152671755,0.26896734520780324
45.0,131925.0,577759.0,641.0,1,0.0,24.0,13689.0,0.0,4.379417249063869,0.10376271546169823
37.0,115317.0,288404.0,337.0,2,1.0,48.0,19331.0,0.0,2.5009452123692744,0.16763211293987063
53.0,116347.0,694600.0,810.0,0,1.0,12.0,6760.0,0.0,5.970020971568054,0.058101557396775194
22.0,68787.0,566595.0,719.0,2,0.0,12.0,28293.0,0.0,8.236829098098505,0.41130720474501364
34.0,55488.0,713689.0,468.0,1,4.0,24.0,15436.0,1.0,12.861810448917803,0.2781812611508587
59.0,94441.0,215937.0,642.0,1,1.0,60.0,2066.0,1.0,2.2864509434361833,0.02187586031638466
26.0,94663.0,96850.0,605.0,0,5.0,48.0,27212.0,1.0,1.0230921997802755,0.2874588016563847
26.0,42431.0,366364.0,841.0,2,2.0,48.0,26889.0,0.0,8.634144042232277,0.6336962669683258
23.0,81681.0,293306.0,836.0,2,3.0,24.0,29973.0,0.0,3.5908278445679587,0.3669474302783967
27.0,83483.0,143808.0,411.0,2,0.0,24.0,2564.0,0.0,1.7225815725168894,0.030712471850893583
28.0,142720.0,551597.0,710.0,0,0.0,12.0,28177.0,0.0,3.8648622136896464,0.19742714807211273
35.0,69153.0,711757.0,505.0,2,3.0,36.0,27401.0,0.0,10.292347514243572,0.39623159903982413
49.0,26368.0,278981.0,484.0,1,4.0,24.0,15393.0,1.0,10.579885471576473,0.5837536501194585
53.0,47424.0,572220.0,681.0,2,3.0,36.0,5670.0,0.0,12.065788086452294,0.11955719557195572
50.0,132360.0,740885.0,795.0,0,1.0,24.0,27601.0,1.0,5.597456954843194,0.2085281918389858
59.0,65004.0,103072.0,678.0,2,3.0,60.0,4251.0,1.0,1.585601107607107,0.06539496961772172
47.0,103869.0,795466.0,346.0,2,0.0,60.0,14949.0,0.0,7.658284393953981,0.14392028497159912
56.0,108652.0,658108.0,827.0,1,3.0,12.0,2804.0,0.0,6.056970355167367,0.025806926638012755
49.0,132755.0,527746.0,803.0,2,2.0,12.0,29027.0,0.0,3.975308084003736,0.2186492512579469
58.0,76985.0,73284.0,321.0,1,5.0,36.0,23015.0,0.0,0.9519133348920583,0.29895045852492663
53.0,70069.0,133369.0,512.0,1,1.0,24.0,11583.0,0.0,1.9033680605109176,0.1653061224489796
57.0,72326.0,787266.0,609.0,0,3.0,48.0,19619.0,0.0,10.884814799452487,0.27125416511123096
47.0,128737.0,637100.0,571.0,1,0.0,12.0,25104.0,0.0,4.948810762944896,0.19500069909428452
53.0,101061.0,320143.0,501.0,1,5.0,48.0,14224.0,0.0,3.167788090479112,0.14074528507252973
24.0,43398.0,334580.0,331.0,0,1.0,48.0,29856.0,0.0,7.709394225673402,0.6879421184819927
42.0,118393.0,707456.0,742.0,1,0.0,24.0,25290.0,0.0,5.97543794449043,0.21360879774312888
22.0,70861.0,573156.0,461.0,0,4.0,36.0,8016.0,0.0,8.088340718579774,0.11312127797691288
30.0,95897.0,468495.0,553.0,2,2.0,24.0,15036.0,0.0,4.8853469311143085,0.1567915910655071
25.0,101905.0,302164.0,820.0,0,4.0,12.0,21933.0,0.0,2.965124722783742,0.21522775891507862
30.0,147118.0,338345.0,779.0,1,2.0,48.0,14392.0,0.0,2.2998049198268067,0.09782556977684731
53.0,88577.0,200787.0,309.0,0,3.0,24.0,9938.0,1.0,2.2667818194133984,0.11219490166858588
58.0,85641.0,210381.0,804.0,1,1.0,24.0,6141.0,0.0,2.4565166623852783,0.0717054716143948
33.0,29078.0,720438.0,735.0,2,3.0,24.0,25350.0,0.0,24.775198596925616,0.8717631280305375
51.0,45003.0,499830.0,410.0,0,2.0,12.0,11546.0,0.0,11.106346102568661,0.2565549728912985
56.0,82768.0,579393.0,452.0,2,2.0,36.0,7335.0,0.0,7.0001208181807195,0.08862013555799876
44.0,71047.0,406992.0,401.0,1,2.0,24.0,7077.0,0.0,5.728408962954623,0.09960871523477086
35.0,91626.0,118920.0,490.0,1,5.0,12.0,15247.0,0.0,1.29787071496393,0.16640291617099764
49.0,77660.0,617109.0,380.0,2,0.0,48.0,7611.0,0.0,7.946189206937845,0.09800285857766447
28.0,124386.0,700024.0,788.0,0,1.0,60.0,28412.0,0.0,5.6277906855217985,0.2284161528133969
25.0,69786.0,591357.0,387.0,0,3.0,12.0,10089.0,0.0,8.47374152779171,0.14456847263817044
49.0,21925.0,555659.0,493.0,1,3.0,60.0,4892.0,0.0,25.34247012679011,0.223114111100976
24.0,103976.0,57531.0,403.0,2,4.0,24.0,29072.0,0.0,0.553305057849332,0.2796002962193562
32.0,125221.0,480267.0,395.0,2,2.0,24.0,29159.0,0.0,3.8353244637523756,0.2328584434045136
22.0,137832.0,713096.0,722.0,0,2.0,12.0,29134.0,1.0,5.17362315265575,0.21137173245884514
47.0,145150.0,713070.0,497.0,0,2.0,60.0,7577.0,0.0,4.912608249340342,0.052200811568642314
51.0,46015.0,117155.0,300.0,0,3.0,24.0,22002.0,1.0,2.545962273991655,0.47813803894297635
56.0,53320.0,636712.0,706.0,2,4.0,48.0,19943.0,0.0,11.941111382007088,0.37401774160274565
56.0,84881.0,357747.0,677.0,0,0.0,36.0,8683.0,0.0,4.214639146108715,0.10229495063735539
46.0,110827.0,524013.0,466.0,0,5.0,36.0,3507.0,1.0,4.728164362796405,0.03164362796405241
47.0,140071.0,182503.0,808.0,1,1.0,24.0,18335.0,0.0,1.3029227825689644,0.13089696727397337
25.0,122215.0,779963.0,612.0,0,0.0,60.0,4063.0,1.0,6.38184034823591,0.03324441971591281
40.0,46289.0,742841.0,717.0,0,3.0,24.0,22026.0,0.0,16.04754806653705,0.4758263123784835
31.0,148859.0,714917.0,776.0,2,5.0,60.0,4000.0,0.0,4.80261319360473,0.026870885395673786
30.0,23389.0,415446.0,372.0,2,5.0,48.0,17566.0,1.0,17.76169303120992,0.751004702864472
58.0,45683.0,705522.0,440.0,1,5.0,60.0,3294.0,0.0,15.443525085369057,0.07210401891252956
26.0,33629.0,69675.0,561.0,0,2.0,24.0,17096.0,1.0,2.0718108831400537,0.5083556348498365
28.0,81550.0,123997.0,639.0,1,1.0,48.0,6065.0,0.0,1.5204841142352639,0.0743706392318917
43.0,44826.0,198087.0,607.0,2,3.0,12.0,16090.0,0.0,4.418921632052111,0.35893546300220847
46.0,120734.0,536799.0,544.0,1,3.0,36.0,29328.0,0.0,4.446092682320785,0.2429121630016151
32.0,46630.0,569349.0,814.0,2,5.0,24.0,26398.0,1.0,12.209667388647038,0.5661040938431515
46.0,118762.0,190905.0,636.0,1,3.0,24.0,28329.0,0.0,1.6074450796965385,0.23853388681660112
33.0,66163.0,320040.0,375.0,1,1.0,24.0,19987.0,0.0,4.8370715192551845,0.30208270358503114
38.0,118511.0,476188.0,474.0,0,1.0,48.0,19706.0,1.0,4.018057243148373,0.16627852031861753
45.0,86435.0,361877.0,408.0,1,4.0,12.0,24340.0,1.0,4.186646767550558,0.28159563144985883
53.0,31653.0,616088.0,482.0,0,4.0,60.0,20825.0,0.0,19.463195804637646,0.6578947368421053
32.0,47961.0,146044.0,491.0,0,0.0,12.0,19482.0,0.0,3.0449939535465576,0.4061965722863934
56.0,101941.0,317491.0,364.0,0,1.0,48.0,23457.0,0.0,3.1144278118930373,0.2301014302250299
24.0,94137.0,764423.0,773.0,0,1.0,24.0,28081.0,0.0,8.120238373451741,0.2982961184643821
25.0,53662.0,539066.0,399.0,1,1.0,36.0,11318.0,0.0,10.04539440582897,0.21090881985725732
57.0,118818.0,708003.0,843.0,2,4.0,24.0,10488.0,0.0,5.958668226462097,0.08826871123305195
28.0,76446.0,352929.0,427.0,2,5.0,60.0,13241.0,0.0,4.616649443405235,0.17320496553167555
48.0,41288.0,416008.0,751.0,2,5.0,36.0,12417.0,1.0,10.075516481387295,0.30073385163118505
51.0,142555.0,67073.0,668.0,1,3.0,24.0,17574.0,1.0,0.4705028199444429,0.1232778697494318
29.0,115081.0,604970.0,342.0,0,5.0,36.0,17302.0,0.0,5.256860325680819,0.15034497141168907
49.0,56877.0,457505.0,718.0,2,2.0,12.0,16650.0,0.0,8.04361967720384,0.29273181194838077
34.0,131562.0,165359.0,787.0,1,4.0,48.0,15350.0,0.0,1.2568807339449541,0.1166741409058778
42.0,35313.0,116707.0,377.0,0,1.0,24.0,22171.0,0.0,3.3048366087104264,0.6278246587755565
31.0,100885.0,301351.0,569.0,2,5.0,60.0,4096.0,0.0,2.987044783220665,0.0406002815058581
43.0,92715.0,520670.0,614.0,0,4.0,12.0,13801.0,0.0,5.615751326631865,0.14885240950860693
21.0,30326.0,288511.0,467.0,2,5.0,24.0,20592.0,0.0,9.513337949681802,0.6789989118607181
57.0,130091.0,285718.0,638.0,2,0.0,12.0,24372.0,0.0,2.1962764812594164,0.18734434092795868
41.0,145836.0,639716.0,492.0,2,1.0,60.0,18559.0,0.0,4.386513710512421,0.1272585146430604
46.0,21560.0,100601.0,752.0,0,0.0,24.0,9169.0,0.0,4.665878206020129,0.42525856871202633
56.0,99148.0,445755.0,582.0,1,1.0,60.0,15288.0,0.0,4.4958093374618,0.15419217541276262
43.0,103186.0,545479.0,635.0,0,4.0,36.0,24398.0,0.0,5.286315136596665,0.236444513359241
21.0,46745.0,685775.0,689.0,2,3.0,60.0,12694.0,0.0,14.67023916484833,0.271552646215719
35.0,51890.0,728029.0,824.0,0,5.0,36.0,14191.0,1.0,14.029966660885318,0.27347709622092464
41.0,40022.0,514184.0,539.0,1,5.0,24.0,20051.0,1.0,12.847212852609749,0.5009869325138046
29.0,143629.0,463860.0,782.0,0,2.0,36.0,12737.0,0.0,3.229548144538049,0.08867924528301886
29.0,72579.0,461961.0,757.0,1,0.0,24.0,27251.0,0.0,6.364852576467347,0.3754615596583081
30.0,90316.0,301924.0,388.0,1,5.0,24.0,20207.0,0.0,3.3429365457222895,0.22373418071902298
46.0,103847.0,573394.0,394.0,0,4.0,48.0,7147.0,0.0,5.521473692319544,0.06882173946537247
55.0,48380.0,299430.0,751.0,2,3.0,24.0,19740.0,0.0,6.188999813976561,0.4080114094375891
45.0,130198.0,477737.0,727.0,1,4.0,36.0,21456.0,0.0,3.669283174217928,0.16479389242620912
46.0,22356.0,172788.0,450.0,0,0.0,48.0,21643.0,0.0,7.72858612515096,0.9680636936977233
31.0,90326.0,671527.0,813.0,1,2.0,48.0,8199.0,0.0,7.43439945974072,0.09077020160085024
58.0,112447.0,601216.0,675.0,2,5.0,24.0,2546.0,0.0,5.346613545816733,0.0226415765509391
22.0,134994.0,330466.0,321.0,0,4.0,60.0,7231.0,0.0,2.447986962480092,0.053564946849883326
27.0,109899.0,500930.0,612.0,0,1.0,60.0,9965.0,0.0,4.558052775250228,0.09067333939945404
38.0,40049.0,400040.0,818.0,0,3.0,48.0,20467.0,0.0,9.988514357053683,0.51103620474407
47.0,95717.0,112292.0,505.0,2,4.0,24.0,4040.0,0.0,1.173154474602478,0.04220731732798429
